TF AGI,TF Gene Name,type,Promoter AGI,Promoter Gene Name,NUE number,TF Family
AT1G24625,ZFP7,PD,AT3G26810,AFB2,AFB2,C2H2
AT1G27730,STZ,PD,AT3G26810,AFB2,AFB2,C2H2
AT1G30490,PHV,PD,AT3G26810,AFB2,AFB2,HB
AT1G30970,SUF4,PD,AT3G26810,AFB2,AFB2,C2H2
AT1G58220,AT1G58220,PD,AT3G26810,AFB2,AFB2,MYB
AT1G68200,AT1G68200,PD,AT3G26810,AFB2,AFB2,C3H
AT1G72570,AIL1,PD,AT3G26810,AFB2,AFB2,
AT1G80840,WRKY40,PD,AT3G26810,AFB2,AFB2,WRKY
AT2G21230,BZIP30,PD,AT3G26810,AFB2,AFB2,BZIP
AT2G23320,WRKY15,PD,AT3G26810,AFB2,AFB2,WRKY
AT2G36270,ABI5,PD,AT3G26810,AFB2,AFB2,BZIP
AT3G01970,WRKY45,PD,AT3G26810,AFB2,AFB2,WRKY
AT3G21175,ZML1,PD,AT3G26810,AFB2,AFB2,C2C2-GATA
AT3G61150,HDG1,PD,AT3G26810,AFB2,AFB2,
AT4G01120,GBF2,PD,AT3G26810,AFB2,AFB2,BZIP
AT4G01250,WRKY22,PD,AT3G26810,AFB2,AFB2,WRKY
AT4G24240,WRKY7,PD,AT3G26810,AFB2,AFB2,WRKY
AT4G32880,HB8,PD,AT3G26810,AFB2,AFB2,HB
AT5G39610,NAC6,PD,AT3G26810,AFB2,AFB2,NAC
AT5G53950,CUC2,PD,AT3G26810,AFB2,AFB2,NAC
AT1G12610,DDF1,PD,AT1G12820,AFB3,AFB3,AP2/EREBP
AT1G22810,ERF019,PD,AT1G12820,AFB3,AFB3,AP2/EREBP
AT1G24625,ZFP7,PD,AT1G12820,AFB3,AFB3,C2H2
AT1G50640,ERF3,PD,AT1G12820,AFB3,AFB3,AP2/EREBP
AT1G51600,ZML2,PD,AT1G12820,AFB3,AFB3,C2C2-GATA
AT1G54060,ASIL1,PD,AT1G12820,AFB3,AFB3,TRIHELIX
AT1G58100,TCP8,PD,AT1G12820,AFB3,AFB3,TCP
AT1G61730,AT1G61730,PD,AT1G12820,AFB3,AFB3,GEBP
AT1G71130,ERF070,PD,AT1G12820,AFB3,AFB3,AP2/EREBP
AT2G23290,MYB70,PD,AT1G12820,AFB3,AFB3,MYB
AT2G38340,DREB19,PD,AT1G12820,AFB3,AFB3,AP2/EREBP
AT2G40620,AT2G40620,PD,AT1G12820,AFB3,AFB3,BZIP
AT2G40950,BZIP17,PD,AT1G12820,AFB3,AFB3,BZIP
AT2G44730,AT2G44730,PD,AT1G12820,AFB3,AFB3,TRIHELIX
AT3G24050,GATA1,PD,AT1G12820,AFB3,AFB3,C2C2-GATA
AT3G25730,EDF3,PD,AT1G12820,AFB3,AFB3,AP2/EREBP
AT3G46600,SCL30,PD,AT1G12820,AFB3,AFB3,GRAS
AT3G54390,AT3G54390,PD,AT1G12820,AFB3,AFB3,TRIHELIX
AT3G54810,GATA8,PD,AT1G12820,AFB3,AFB3,C2C2-GATA
AT3G61830,ARF18,PD,AT1G12820,AFB3,AFB3,ARF
AT4G01120,GBF2,PD,AT1G12820,AFB3,AFB3,BZIP
AT4G17490,ERF6,PD,AT1G12820,AFB3,AFB3,AP2/EREBP
AT4G23980,ARF9,PD,AT1G12820,AFB3,AFB3,ARF
AT4G29080,PAP2,PD,AT1G12820,AFB3,AFB3,AUX/IAA
AT4G32890,GATA9,PD,AT1G12820,AFB3,AFB3,C2C2-GATA
AT4G36730,GBF1,PD,AT1G12820,AFB3,AFB3,BZIP
AT5G06960,OBF5,PD,AT1G12820,AFB3,AFB3,BZIP
AT5G13330,Rap2.6L,PD,AT1G12820,AFB3,AFB3,AP2/EREBP
AT5G15210,HB30,PD,AT1G12820,AFB3,AFB3,ZF-HD
AT5G25830,GATA12,PD,AT1G12820,AFB3,AFB3,C2C2-GATA
AT5G51990,CBF4,PD,AT1G12820,AFB3,AFB3,AP2/EREBP
AT5G52020,ERF025,PD,AT1G12820,AFB3,AFB3,AP2/EREBP
AT5G66320,GATA5,PD,AT1G12820,AFB3,AFB3,C2C2-GATA
AT1G06070,AT1G06070,PD,AT1G30330,ARF6,ARF6,BZIP
AT1G24625,ZFP7,PD,AT1G30330,ARF6,ARF6,C2H2
AT1G30490,PHV,PD,AT1G30330,ARF6,ARF6,HB
AT1G69600,ZFHD1,PD,AT1G30330,ARF6,ARF6,ZF-HD
AT1G73360,HDG11,PD,AT1G30330,ARF6,ARF6,
AT1G75240,HB33,PD,AT1G30330,ARF6,ARF6,ZF-HD
AT2G21230,BZIP30,PD,AT1G30330,ARF6,ARF6,BZIP
AT2G33860,ETT,PD,AT1G30330,ARF6,ARF6,ARF
AT3G11280,AT3G11280,PD,AT1G30330,ARF6,ARF6,MYB
AT3G15170,CUC1,PD,AT1G30330,ARF6,ARF6,NAC
AT3G23030,IAA2,PD,AT1G30330,ARF6,ARF6,AUX/IAA
AT4G01250,WRKY22,PD,AT1G30330,ARF6,ARF6,WRKY
AT5G10510,AIL6,PD,AT1G30330,ARF6,ARF6,AP2/EREBP
AT5G51990,CBF4,PD,AT1G30330,ARF6,ARF6,AP2/EREBP
AT5G53950,CUC2,PD,AT1G30330,ARF6,ARF6,NAC
AT5G67300,MYB44,PD,AT1G30330,ARF6,ARF6,MYB
AT1G10480,ZFP5,PD,AT5G37020,ARF8,ARF8,C2H2
AT1G13960,WRKY4,PD,AT5G37020,ARF8,ARF8,WRKY
AT1G24625,ZFP7,PD,AT5G37020,ARF8,ARF8,C2H2
AT1G61730,AT1G61730,PD,AT5G37020,ARF8,ARF8,GEBP
AT1G67030,ZFP6,PD,AT5G37020,ARF8,ARF8,C2H2
AT2G04880,ZAP1,PD,AT5G37020,ARF8,ARF8,WRKY
AT2G21230,BZIP30,PD,AT5G37020,ARF8,ARF8,BZIP
AT2G24570,WRKY17,PD,AT5G37020,ARF8,ARF8,WRKY
AT2G24790,COL3,PD,AT5G37020,ARF8,ARF8,C2C2-CO-LIKE
AT2G38340,DREB19,PD,AT5G37020,ARF8,ARF8,AP2/EREBP
AT2G38470,WRKY33,PD,AT5G37020,ARF8,ARF8,WRKY
AT4G23980,ARF9,PD,AT5G37020,ARF8,ARF8,ARF
AT4G31550,WRKY11,PD,AT5G37020,ARF8,ARF8,WRKY
AT4G36730,GBF1,PD,AT5G37020,ARF8,ARF8,BZIP
AT5G43270,SPL2,PD,AT5G37020,ARF8,ARF8,SBP
AT5G50670,SPL13B,PD,AT5G37020,ARF8,ARF8,SBP
AT1G12610,DDF1,PD,AT4G01120,GBF2,GBF2,AP2/EREBP
AT1G61730,AT1G61730,PD,AT4G01120,GBF2,GBF2,GEBP
AT2G02540,HB21,PD,AT4G01120,GBF2,GBF2,ZF-HD
AT2G44730,AT2G44730,PD,AT4G01120,GBF2,GBF2,TRIHELIX
AT3G19290,ABF4,PD,AT4G01120,GBF2,GBF2,BZIP
AT3G28920,HB34,PD,AT4G01120,GBF2,GBF2,ZF-HD
AT3G55370,OBP3,PD,AT4G01120,GBF2,GBF2,C2C2-DOF
AT4G01120,GBF2,PD,AT4G01120,GBF2,GBF2,BZIP
AT4G23980,ARF9,PD,AT4G01120,GBF2,GBF2,ARF
AT5G15210,HB30,PD,AT4G01120,GBF2,GBF2,ZF-HD
AT5G53980,HB52,PD,AT4G01120,GBF2,GBF2,HB
AT1G04880,HMGB15,PD,AT1G56010,NAC1,NAC1,ARID
AT1G12610,DDF1,PD,AT1G56010,NAC1,NAC1,AP2/EREBP
AT1G21910,DREB26,PD,AT1G56010,NAC1,NAC1,AP2/EREBP
AT1G47870,E2Fc,PD,AT1G56010,NAC1,NAC1,E2F/DP
AT1G54060,ASIL1,PD,AT1G56010,NAC1,NAC1,TRIHELIX
AT1G61730,AT1G61730,PD,AT1G56010,NAC1,NAC1,GEBP
AT1G68360,AT1G68360,PD,AT1G56010,NAC1,NAC1,C2H2
AT1G68920,BHLH49,PD,AT1G56010,NAC1,NAC1,BHLH
AT1G71130,ERF070,PD,AT1G56010,NAC1,NAC1,AP2/EREBP
AT1G76880,AT1G76880,PD,AT1G56010,NAC1,NAC1,TRIHELIX
AT2G23290,MYB70,PD,AT1G56010,NAC1,NAC1,MYB
AT2G31230,ERF15,PD,AT1G56010,NAC1,NAC1,AP2/EREBP
AT2G44730,AT2G44730,PD,AT1G56010,NAC1,NAC1,TRIHELIX
AT3G19290,ABF4,PD,AT1G56010,NAC1,NAC1,BZIP
AT3G25730,EDF3,PD,AT1G56010,NAC1,NAC1,AP2/EREBP
AT3G61830,ARF18,PD,AT1G56010,NAC1,NAC1,ARF
AT4G01120,GBF2,PD,AT1G56010,NAC1,NAC1,BZIP
AT4G23980,ARF9,PD,AT1G56010,NAC1,NAC1,ARF
AT5G05410,DREB2A,PD,AT1G56010,NAC1,NAC1,AP2/EREBP
AT5G13330,Rap2.6L,PD,AT1G56010,NAC1,NAC1,AP2/EREBP
AT5G15210,HB30,PD,AT1G56010,NAC1,NAC1,ZF-HD
AT5G52020,ERF025,PD,AT1G56010,NAC1,NAC1,AP2/EREBP
AT5G54680,ILR3,PD,AT1G56010,NAC1,NAC1,BHLH
AT5G61590,ERF107,PD,AT1G56010,NAC1,NAC1,AP2/EREBP
AT1G04880,HMGB15,PD,AT1G54160,NFYA5,NFYA5,ARID
AT1G12610,DDF1,PD,AT1G54160,NFYA5,NFYA5,AP2/EREBP
AT1G47870,E2Fc,PD,AT1G54160,NFYA5,NFYA5,E2F/DP
AT1G61730,AT1G61730,PD,AT1G54160,NFYA5,NFYA5,GEBP
AT1G68360,AT1G68360,PD,AT1G54160,NFYA5,NFYA5,C2H2
AT2G44730,AT2G44730,PD,AT1G54160,NFYA5,NFYA5,TRIHELIX
AT3G55370,OBP3,PD,AT1G54160,NFYA5,NFYA5,C2C2-DOF
AT5G15210,HB30,PD,AT1G54160,NFYA5,NFYA5,ZF-HD
AT5G53980,HB52,PD,AT1G54160,NFYA5,NFYA5,HB
AT1G04880,HMGB15,PD,AT1G12110,NPF6.3,NUE001,ARID
AT1G12610,DDF1,PD,AT1G12110,NPF6.3,NUE001,AP2/EREBP
AT1G12630,ERF027,PD,AT1G12110,NPF6.3,NUE001,AP2/EREBP
AT1G21910,DREB26,PD,AT1G12110,NPF6.3,NUE001,AP2/EREBP
AT1G47870,E2Fc,PD,AT1G12110,NPF6.3,NUE001,E2F/DP
AT1G51600,ZML2,PD,AT1G12110,NPF6.3,NUE001,C2C2-GATA
AT1G61730,AT1G61730,PD,AT1G12110,NPF6.3,NUE001,GEBP
AT1G68360,AT1G68360,PD,AT1G12110,NPF6.3,NUE001,C2H2
AT1G71130,ERF070,PD,AT1G12110,NPF6.3,NUE001,AP2/EREBP
AT2G21230,BZIP30,PD,AT1G12110,NPF6.3,NUE001,BZIP
AT2G22840,GRF1,PD,AT1G12110,NPF6.3,NUE001,GRF
AT2G44730,AT2G44730,PD,AT1G12110,NPF6.3,NUE001,TRIHELIX
AT3G04730,IAA16,PD,AT1G12110,NPF6.3,NUE001,AUX/IAA
AT3G10500,ANAC053,PD,AT1G12110,NPF6.3,NUE001,NAC
AT3G11580,AT3G11580,PD,AT1G12110,NPF6.3,NUE001,ABI3/VP1
AT3G19290,ABF4,PD,AT1G12110,NPF6.3,NUE001,BZIP
AT3G24050,GATA1,PD,AT1G12110,NPF6.3,NUE001,C2C2-GATA
AT3G61830,ARF18,PD,AT1G12110,NPF6.3,NUE001,ARF
AT4G01250,WRKY22,PD,AT1G12110,NPF6.3,NUE001,WRKY
AT4G32890,GATA9,PD,AT1G12110,NPF6.3,NUE001,C2C2-GATA
AT4G37260,MYB73,PD,AT1G12110,NPF6.3,NUE001,MYB
AT5G25830,GATA12,PD,AT1G12110,NPF6.3,NUE001,C2C2-GATA
AT5G44210,ERF9,PD,AT1G12110,NPF6.3,NUE001,AP2/EREBP
AT5G52020,ERF025,PD,AT1G12110,NPF6.3,NUE001,AP2/EREBP
AT5G54680,ILR3,PD,AT1G12110,NPF6.3,NUE001,BHLH
AT5G61590,ERF107,PD,AT1G12110,NPF6.3,NUE001,AP2/EREBP
AT5G66320,GATA5,PD,AT1G12110,NPF6.3,NUE001,C2C2-GATA
AT1G04880,HMGB15,PD,AT1G69850,NPF4.6,NUE002,ARID
AT1G16530,LBD3,PD,AT1G69850,NPF4.6,NUE002,
AT1G43700,VIP1,PD,AT1G69850,NPF4.6,NUE002,BZIP
AT1G47870,E2Fc,PD,AT1G69850,NPF4.6,NUE002,E2F/DP
AT1G50640,ERF3,PD,AT1G69850,NPF4.6,NUE002,AP2/EREBP
AT1G68360,AT1G68360,PD,AT1G69850,NPF4.6,NUE002,C2H2
AT1G71130,ERF070,PD,AT1G69850,NPF4.6,NUE002,AP2/EREBP
AT1G76880,AT1G76880,PD,AT1G69850,NPF4.6,NUE002,TRIHELIX
AT2G22840,GRF1,PD,AT1G69850,NPF4.6,NUE002,GRF
AT2G23290,MYB70,PD,AT1G69850,NPF4.6,NUE002,MYB
AT2G31230,ERF15,PD,AT1G69850,NPF4.6,NUE002,AP2/EREBP
AT2G44730,AT2G44730,PD,AT1G69850,NPF4.6,NUE002,TRIHELIX
AT3G19290,ABF4,PD,AT1G69850,NPF4.6,NUE002,BZIP
AT3G61830,ARF18,PD,AT1G69850,NPF4.6,NUE002,ARF
AT4G01120,GBF2,PD,AT1G69850,NPF4.6,NUE002,BZIP
AT4G23980,ARF9,PD,AT1G69850,NPF4.6,NUE002,ARF
AT4G37260,MYB73,PD,AT1G69850,NPF4.6,NUE002,MYB
AT5G05410,DREB2A,PD,AT1G69850,NPF4.6,NUE002,AP2/EREBP
AT5G06960,OBF5,PD,AT1G69850,NPF4.6,NUE002,BZIP
AT5G10510,AIL6,PD,AT1G69850,NPF4.6,NUE002,AP2/EREBP
AT5G15210,HB30,PD,AT1G69850,NPF4.6,NUE002,ZF-HD
AT5G52020,ERF025,PD,AT1G69850,NPF4.6,NUE002,AP2/EREBP
AT5G54680,ILR3,PD,AT1G69850,NPF4.6,NUE002,BHLH
AT1G75540,BBX21,PD,AT1G32450,NPF7.3,NUE003,C2C2-CO-LIKE
AT1G78600,LZF1,PD,AT1G32450,NPF7.3,NUE003,C2C2-CO-LIKE
AT1G16530,LBD3,PD,AT1G08090,NRT2.1,NUE004,
AT1G47870,E2Fc,PD,AT1G08090,NRT2.1,NUE004,E2F/DP
AT1G61730,AT1G61730,PD,AT1G08090,NRT2.1,NUE004,GEBP
AT1G71130,ERF070,PD,AT1G08090,NRT2.1,NUE004,AP2/EREBP
AT5G54680,ILR3,PD,AT1G08090,NRT2.1,NUE004,BHLH
AT2G22430,HB6,PD,AT5G60770,NRT2.4,NUE005,HB
AT2G31230,ERF15,PD,AT5G60770,NRT2.4,NUE005,AP2/EREBP
AT2G37430,ZAT11,PD,AT5G60770,NRT2.4,NUE005,C2H2
AT3G61830,ARF18,PD,AT5G60770,NRT2.4,NUE005,ARF
AT5G60450,ARF4,PD,AT5G60770,NRT2.4,NUE005,ARF
AT5G63790,ANAC102,PD,AT5G14570,NRT2.7,NUE006,NAC
AT1G04880,HMGB15,PD,AT5G50200,NRT3.1,NUE007,ARID
AT1G12610,DDF1,PD,AT5G50200,NRT3.1,NUE007,AP2/EREBP
AT1G12630,ERF027,PD,AT5G50200,NRT3.1,NUE007,AP2/EREBP
AT1G16530,LBD3,PD,AT5G50200,NRT3.1,NUE007,
AT1G43700,VIP1,PD,AT5G50200,NRT3.1,NUE007,BZIP
AT1G47870,E2Fc,PD,AT5G50200,NRT3.1,NUE007,E2F/DP
AT1G50640,ERF3,PD,AT5G50200,NRT3.1,NUE007,AP2/EREBP
AT1G51600,ZML2,PD,AT5G50200,NRT3.1,NUE007,C2C2-GATA
AT1G61730,AT1G61730,PD,AT5G50200,NRT3.1,NUE007,GEBP
AT1G68360,AT1G68360,PD,AT5G50200,NRT3.1,NUE007,C2H2
AT1G71130,ERF070,PD,AT5G50200,NRT3.1,NUE007,AP2/EREBP
AT1G76880,AT1G76880,PD,AT5G50200,NRT3.1,NUE007,TRIHELIX
AT2G22850,BZIP6,PD,AT5G50200,NRT3.1,NUE007,BZIP
AT2G23290,MYB70,PD,AT5G50200,NRT3.1,NUE007,MYB
AT2G31230,ERF15,PD,AT5G50200,NRT3.1,NUE007,AP2/EREBP
AT2G35530,BZIP16,PD,AT5G50200,NRT3.1,NUE007,BZIP
AT2G44730,AT2G44730,PD,AT5G50200,NRT3.1,NUE007,TRIHELIX
AT2G46270,GBF3,PD,AT5G50200,NRT3.1,NUE007,BZIP
AT3G10040,AT3G10040,PD,AT5G50200,NRT3.1,NUE007,TRIHELIX
AT3G15210,ERF4,PD,AT5G50200,NRT3.1,NUE007,AP2/EREBP
AT3G19290,ABF4,PD,AT5G50200,NRT3.1,NUE007,BZIP
AT3G25730,EDF3,PD,AT5G50200,NRT3.1,NUE007,AP2/EREBP
AT3G49760,BZIP5,PD,AT5G50200,NRT3.1,NUE007,BZIP
AT3G53340,NF-YB10,PD,AT5G50200,NRT3.1,NUE007,CCAAT-HAP3
AT3G61830,ARF18,PD,AT5G50200,NRT3.1,NUE007,ARF
AT4G01120,GBF2,PD,AT5G50200,NRT3.1,NUE007,BZIP
AT4G23980,ARF9,PD,AT5G50200,NRT3.1,NUE007,ARF
AT4G36730,GBF1,PD,AT5G50200,NRT3.1,NUE007,BZIP
AT4G37260,MYB73,PD,AT5G50200,NRT3.1,NUE007,MYB
AT4G38900,AT4G38900,PD,AT5G50200,NRT3.1,NUE007,BZIP
AT5G01380,AT5G01380,PD,AT5G50200,NRT3.1,NUE007,TRIHELIX
AT5G05410,DREB2A,PD,AT5G50200,NRT3.1,NUE007,AP2/EREBP
AT5G17800,MYB56,PD,AT5G50200,NRT3.1,NUE007,MYB
AT5G28040,AT5G28040,PD,AT5G50200,NRT3.1,NUE007,GEBP
AT5G39760,HB23,PD,AT5G50200,NRT3.1,NUE007,ZF-HD
AT5G44210,ERF9,PD,AT5G50200,NRT3.1,NUE007,AP2/EREBP
AT5G54680,ILR3,PD,AT5G50200,NRT3.1,NUE007,BHLH
AT5G61590,ERF107,PD,AT5G50200,NRT3.1,NUE007,AP2/EREBP
AT5G62020,HSFB2A,PD,AT5G50200,NRT3.1,NUE007,HSF
AT1G16530,LBD3,PD,AT1G64780,AMT1;2,NUE008,
AT1G01010,ANAC001,PD,AT2G38290,AMT2;1,NUE009,NAC
AT1G02220,ANAC003,PD,AT2G38290,AMT2;1,NUE009,NAC
AT1G14510,AL7,PD,AT2G38290,AMT2;1,NUE009,ALFIN-LIKE
AT1G16530,LBD3,PD,AT2G38290,AMT2;1,NUE009,
AT1G22070,TGA3,PD,AT2G38290,AMT2;1,NUE009,BZIP
AT1G34180,ANAC016,PD,AT2G38290,AMT2;1,NUE009,NAC
AT1G56170,HAP5B,PD,AT2G38290,AMT2;1,NUE009,CCAAT-HAP5
AT1G61730,AT1G61730,PD,AT2G38290,AMT2;1,NUE009,GEBP
AT1G69170,SPL6,PD,AT2G38290,AMT2;1,NUE009,SBP
AT2G44730,AT2G44730,PD,AT2G38290,AMT2;1,NUE009,TRIHELIX
AT2G47900,TLP3,PD,AT2G38290,AMT2;1,NUE009,TUB
AT3G58120,BZIP61,PD,AT2G38290,AMT2;1,NUE009,BZIP
AT4G28500,ANAC073,PD,AT2G38290,AMT2;1,NUE009,NAC
AT4G34610,BLH6,PD,AT2G38290,AMT2;1,NUE009,HB
AT5G22290,ANAC089,PD,AT2G38290,AMT2;1,NUE009,NAC
AT5G54680,ILR3,PD,AT2G38290,AMT2;1,NUE009,BHLH
AT5G67420,LBD37,PD,AT2G38290,AMT2;1,NUE009,
AT1G04880,HMGB15,PD,AT1G77760,NIA1,NUE010,ARID
AT1G12610,DDF1,PD,AT1G77760,NIA1,NUE010,AP2/EREBP
AT1G16530,LBD3,PD,AT1G77760,NIA1,NUE010,
AT1G35560,TCP23,PD,AT1G77760,NIA1,NUE010,TCP
AT1G47870,E2Fc,PD,AT1G77760,NIA1,NUE010,E2F/DP
AT1G50640,ERF3,PD,AT1G77760,NIA1,NUE010,AP2/EREBP
AT1G51600,ZML2,PD,AT1G77760,NIA1,NUE010,C2C2-GATA
AT1G54060,ASIL1,PD,AT1G77760,NIA1,NUE010,TRIHELIX
AT1G61730,AT1G61730,PD,AT1G77760,NIA1,NUE010,GEBP
AT1G68360,AT1G68360,PD,AT1G77760,NIA1,NUE010,C2H2
AT1G71130,ERF070,PD,AT1G77760,NIA1,NUE010,AP2/EREBP
AT1G76880,AT1G76880,PD,AT1G77760,NIA1,NUE010,TRIHELIX
AT2G23290,MYB70,PD,AT1G77760,NIA1,NUE010,MYB
AT2G44730,AT2G44730,PD,AT1G77760,NIA1,NUE010,TRIHELIX
AT2G45680,TCP9,PD,AT1G77760,NIA1,NUE010,TCP
AT3G15210,ERF4,PD,AT1G77760,NIA1,NUE010,AP2/EREBP
AT3G28920,HB34,PD,AT1G77760,NIA1,NUE010,ZF-HD
AT3G53340,NF-YB10,PD,AT1G77760,NIA1,NUE010,CCAAT-HAP3
AT3G61830,ARF18,PD,AT1G77760,NIA1,NUE010,ARF
AT4G23980,ARF9,PD,AT1G77760,NIA1,NUE010,ARF
AT4G29080,PAP2,PD,AT1G77760,NIA1,NUE010,AUX/IAA
AT4G37260,MYB73,PD,AT1G77760,NIA1,NUE010,MYB
AT5G05410,DREB2A,PD,AT1G77760,NIA1,NUE010,AP2/EREBP
AT5G10510,AIL6,PD,AT1G77760,NIA1,NUE010,AP2/EREBP
AT5G12870,MYB46,PD,AT1G77760,NIA1,NUE010,MYB
AT5G13330,Rap2.6L,PD,AT1G77760,NIA1,NUE010,AP2/EREBP
AT5G15210,HB30,PD,AT1G77760,NIA1,NUE010,ZF-HD
AT5G39760,HB23,PD,AT1G77760,NIA1,NUE010,ZF-HD
AT5G52020,ERF025,PD,AT1G77760,NIA1,NUE010,AP2/EREBP
AT5G61590,ERF107,PD,AT1G77760,NIA1,NUE010,AP2/EREBP
AT1G73870,BBX16,PD,AT1G37130,NIA2,NUE011,C2C2-CO-LIKE
AT2G31230,ERF15,PD,AT1G37130,NIA2,NUE011,AP2/EREBP
AT2G46310,CRF5,PD,AT1G37130,NIA2,NUE011,AP2/EREBP
AT3G55730,MYB109,PD,AT1G37130,NIA2,NUE011,MYB
AT4G39070,BBX20,PD,AT1G37130,NIA2,NUE011,C2C2-CO-LIKE
AT1G04880,HMGB15,PD,AT2G15620,NIR1,NUE012,ARID
AT1G47870,E2Fc,PD,AT2G15620,NIR1,NUE012,E2F/DP
AT1G61730,AT1G61730,PD,AT2G15620,NIR1,NUE012,GEBP
AT1G64530,NLP6,PD,AT2G15620,NIR1,NUE012,NIN-LIKE
AT1G68360,AT1G68360,PD,AT2G15620,NIR1,NUE012,C2H2
AT1G68920,BHLH49,PD,AT2G15620,NIR1,NUE012,BHLH
AT1G72360,HRE1,PD,AT2G15620,NIR1,NUE012,AP2/EREBP
AT1G76350,NLP5,PD,AT2G15620,NIR1,NUE012,NIN-LIKE
AT1G76880,AT1G76880,PD,AT2G15620,NIR1,NUE012,TRIHELIX
AT2G44730,AT2G44730,PD,AT2G15620,NIR1,NUE012,TRIHELIX
AT3G04070,ANAC047,PD,AT2G15620,NIR1,NUE012,NAC
AT3G25730,EDF3,PD,AT2G15620,NIR1,NUE012,AP2/EREBP
AT3G28920,HB34,PD,AT2G15620,NIR1,NUE012,ZF-HD
AT3G54390,AT3G54390,PD,AT2G15620,NIR1,NUE012,TRIHELIX
AT4G01120,GBF2,PD,AT2G15620,NIR1,NUE012,BZIP
AT4G23980,ARF9,PD,AT2G15620,NIR1,NUE012,ARF
AT4G24020,NLP7,PD,AT2G15620,NIR1,NUE012,NIN-LIKE
AT4G36730,GBF1,PD,AT2G15620,NIR1,NUE012,BZIP
AT5G05410,DREB2A,PD,AT2G15620,NIR1,NUE012,AP2/EREBP
AT5G39760,HB23,PD,AT2G15620,NIR1,NUE012,ZF-HD
AT1G16530,LBD3,PD,AT5G40850,UPM1,NUE013,
AT1G30490,PHV,PD,AT5G40850,UPM1,NUE013,HB
AT1G61730,AT1G61730,PD,AT5G40850,UPM1,NUE013,GEBP
AT1G68840,RAV2,PD,AT5G40850,UPM1,NUE013,AP2/EREBP
AT1G68920,BHLH49,PD,AT5G40850,UPM1,NUE013,BHLH
AT3G25730,EDF3,PD,AT5G40850,UPM1,NUE013,AP2/EREBP
AT3G54390,AT3G54390,PD,AT5G40850,UPM1,NUE013,TRIHELIX
AT4G36730,GBF1,PD,AT5G40850,UPM1,NUE013,BZIP
AT4G37790,HAT22,PD,AT5G40850,UPM1,NUE013,HB
AT5G15210,HB30,PD,AT5G40850,UPM1,NUE013,ZF-HD
AT1G04880,HMGB15,PD,AT1G66200,GLN1;2,NUE014,ARID
AT1G12260,VND4,PD,AT1G66200,GLN1;2,NUE014,NAC
AT1G12610,DDF1,PD,AT1G66200,GLN1;2,NUE014,AP2/EREBP
AT1G12630,ERF027,PD,AT1G66200,GLN1;2,NUE014,AP2/EREBP
AT1G14350,FLP,PD,AT1G66200,GLN1;2,NUE014,MYB
AT1G16530,LBD3,PD,AT1G66200,GLN1;2,NUE014,
AT1G20700,WOX14,PD,AT1G66200,GLN1;2,NUE014,HB
AT1G21910,DREB26,PD,AT1G66200,GLN1;2,NUE014,AP2/EREBP
AT1G47870,E2Fc,PD,AT1G66200,GLN1;2,NUE014,E2F/DP
AT1G50640,ERF3,PD,AT1G66200,GLN1;2,NUE014,AP2/EREBP
AT1G54060,ASIL1,PD,AT1G66200,GLN1;2,NUE014,TRIHELIX
AT1G61730,AT1G61730,PD,AT1G66200,GLN1;2,NUE014,GEBP
AT1G68360,AT1G68360,PD,AT1G66200,GLN1;2,NUE014,C2H2
AT1G68920,BHLH49,PD,AT1G66200,GLN1;2,NUE014,BHLH
AT1G71130,ERF070,PD,AT1G66200,GLN1;2,NUE014,AP2/EREBP
AT2G02540,HB21,PD,AT1G66200,GLN1;2,NUE014,ZF-HD
AT2G20880,ERF053,PD,AT1G66200,GLN1;2,NUE014,AP2/EREBP
AT2G21230,BZIP30,PD,AT1G66200,GLN1;2,NUE014,BZIP
AT2G22840,GRF1,PD,AT1G66200,GLN1;2,NUE014,GRF
AT2G23290,MYB70,PD,AT1G66200,GLN1;2,NUE014,MYB
AT2G31230,ERF15,PD,AT1G66200,GLN1;2,NUE014,AP2/EREBP
AT2G36400,GRF3,PD,AT1G66200,GLN1;2,NUE014,GRF
AT2G44730,AT2G44730,PD,AT1G66200,GLN1;2,NUE014,TRIHELIX
AT3G15210,ERF4,PD,AT1G66200,GLN1;2,NUE014,AP2/EREBP
AT3G19290,ABF4,PD,AT1G66200,GLN1;2,NUE014,BZIP
AT3G25730,EDF3,PD,AT1G66200,GLN1;2,NUE014,AP2/EREBP
AT3G28920,HB34,PD,AT1G66200,GLN1;2,NUE014,ZF-HD
AT3G54390,AT3G54390,PD,AT1G66200,GLN1;2,NUE014,TRIHELIX
AT4G01120,GBF2,PD,AT1G66200,GLN1;2,NUE014,BZIP
AT4G01250,WRKY22,PD,AT1G66200,GLN1;2,NUE014,WRKY
AT4G36730,GBF1,PD,AT1G66200,GLN1;2,NUE014,BZIP
AT4G37260,MYB73,PD,AT1G66200,GLN1;2,NUE014,MYB
AT5G05410,DREB2A,PD,AT1G66200,GLN1;2,NUE014,AP2/EREBP
AT5G06960,OBF5,PD,AT1G66200,GLN1;2,NUE014,BZIP
AT5G13330,Rap2.6L,PD,AT1G66200,GLN1;2,NUE014,AP2/EREBP
AT5G15210,HB30,PD,AT1G66200,GLN1;2,NUE014,ZF-HD
AT5G44210,ERF9,PD,AT1G66200,GLN1;2,NUE014,AP2/EREBP
AT5G47220,ERF2,PD,AT1G66200,GLN1;2,NUE014,AP2/EREBP
AT5G47230,ERF5,PD,AT1G66200,GLN1;2,NUE014,AP2/EREBP
AT5G51190,ERF105,PD,AT1G66200,GLN1;2,NUE014,AP2/EREBP
AT5G54680,ILR3,PD,AT1G66200,GLN1;2,NUE014,BHLH
AT5G61600,ERF104,PD,AT1G66200,GLN1;2,NUE014,AP2/EREBP
AT5G63790,ANAC102,PD,AT1G66200,GLN1;2,NUE014,NAC
AT1G16530,LBD3,PD,AT5G35630,GLN2,NUE015,
AT1G26610,AT1G26610,PD,AT5G35630,GLN2,NUE015,C2H2
AT1G76510,ARID5,PD,AT5G35630,GLN2,NUE015,ARID
AT2G26940,AT2G26940,PD,AT5G35630,GLN2,NUE015,C2H2
AT2G40950,BZIP17,PD,AT5G35630,GLN2,NUE015,BZIP
AT3G60530,GATA4,PD,AT5G35630,GLN2,NUE015,C2C2-GATA
AT4G18880,HSFA4A,PD,AT5G35630,GLN2,NUE015,HSF
AT5G15210,HB30,PD,AT5G35630,GLN2,NUE015,ZF-HD
AT5G23090,NF-YB13,PD,AT5G35630,GLN2,NUE015,CCAAT-DR1
AT1G12260,VND4,PD,AT5G53460,GLT1,NUE016,NAC
AT1G22810,ERF019,PD,AT5G53460,GLT1,NUE016,AP2/EREBP
AT1G50640,ERF3,PD,AT5G53460,GLT1,NUE016,AP2/EREBP
AT1G53170,ERF8,PD,AT5G53460,GLT1,NUE016,AP2/EREBP
AT1G71130,ERF070,PD,AT5G53460,GLT1,NUE016,AP2/EREBP
AT1G79180,MYB63,PD,AT5G53460,GLT1,NUE016,MYB
AT2G22840,GRF1,PD,AT5G53460,GLT1,NUE016,GRF
AT2G23290,MYB70,PD,AT5G53460,GLT1,NUE016,MYB
AT2G31230,ERF15,PD,AT5G53460,GLT1,NUE016,AP2/EREBP
AT2G36400,GRF3,PD,AT5G53460,GLT1,NUE016,GRF
AT2G41070,EEL,PD,AT5G53460,GLT1,NUE016,BZIP
AT2G44730,AT2G44730,PD,AT5G53460,GLT1,NUE016,TRIHELIX
AT2G46310,CRF5,PD,AT5G53460,GLT1,NUE016,AP2/EREBP
AT3G24050,GATA1,PD,AT5G53460,GLT1,NUE016,C2C2-GATA
AT3G42790,AL3,PD,AT5G53460,GLT1,NUE016,ALFIN-LIKE
AT3G60530,GATA4,PD,AT5G53460,GLT1,NUE016,C2C2-GATA
AT4G17490,ERF6,PD,AT5G53460,GLT1,NUE016,AP2/EREBP
AT4G37740,GRF2,PD,AT5G53460,GLT1,NUE016,GRF
AT5G13330,Rap2.6L,PD,AT5G53460,GLT1,NUE016,AP2/EREBP
AT5G16770,MYB9,PD,AT5G53460,GLT1,NUE016,MYB
AT5G25830,GATA12,PD,AT5G53460,GLT1,NUE016,C2C2-GATA
AT5G47220,ERF2,PD,AT5G53460,GLT1,NUE016,AP2/EREBP
AT5G47230,ERF5,PD,AT5G53460,GLT1,NUE016,AP2/EREBP
AT5G61590,ERF107,PD,AT5G53460,GLT1,NUE016,AP2/EREBP
AT5G66320,GATA5,PD,AT5G53460,GLT1,NUE016,C2C2-GATA
AT1G04880,HMGB15,PD,AT5G07440,GDH2,NUE017,ARID
AT1G07980,NF-YC10,PD,AT5G07440,GDH2,NUE017,CCAAT-HAP5
AT1G12260,VND4,PD,AT5G07440,GDH2,NUE017,NAC
AT1G12610,DDF1,PD,AT5G07440,GDH2,NUE017,AP2/EREBP
AT1G13960,WRKY4,PD,AT5G07440,GDH2,NUE017,WRKY
AT1G16530,LBD3,PD,AT5G07440,GDH2,NUE017,
AT1G19220,ARF19,PD,AT5G07440,GDH2,NUE017,ARF
AT1G20700,WOX14,PD,AT5G07440,GDH2,NUE017,HB
AT1G20910,ARID6,PD,AT5G07440,GDH2,NUE017,ARID
AT1G21910,DREB26,PD,AT5G07440,GDH2,NUE017,AP2/EREBP
AT1G22985,ERF069,PD,AT5G07440,GDH2,NUE017,AP2/EREBP
AT1G30490,PHV,PD,AT5G07440,GDH2,NUE017,HB
AT1G31050,BHLH111,PD,AT5G07440,GDH2,NUE017,BHLH
AT1G47270,TLP6,PD,AT5G07440,GDH2,NUE017,TUB
AT1G48000,MYB112,PD,AT5G07440,GDH2,NUE017,MYB
AT1G49720,ABF1,PD,AT5G07440,GDH2,NUE017,BZIP
AT1G50640,ERF3,PD,AT5G07440,GDH2,NUE017,AP2/EREBP
AT1G51600,ZML2,PD,AT5G07440,GDH2,NUE017,C2C2-GATA
AT1G53910,RAP2.12,PD,AT5G07440,GDH2,NUE017,AP2/EREBP
AT1G54060,ASIL1,PD,AT5G07440,GDH2,NUE017,TRIHELIX
AT1G61730,AT1G61730,PD,AT5G07440,GDH2,NUE017,GEBP
AT1G68360,AT1G68360,PD,AT5G07440,GDH2,NUE017,C2H2
AT1G69310,WRKY57,PD,AT5G07440,GDH2,NUE017,WRKY
AT1G71130,ERF070,PD,AT5G07440,GDH2,NUE017,AP2/EREBP
AT1G73730,EIL3,PD,AT5G07440,GDH2,NUE017,EIL
AT1G75710,AT1G75710,PD,AT5G07440,GDH2,NUE017,C2H2
AT1G76900,TLP1,PD,AT5G07440,GDH2,NUE017,TUB
AT1G77450,ANAC032,PD,AT5G07440,GDH2,NUE017,NAC
AT1G77570,AT1G77570,PD,AT5G07440,GDH2,NUE017,HSF
AT1G77640,ERF013,PD,AT5G07440,GDH2,NUE017,AP2/EREBP
AT1G78600,LZF1,PD,AT5G07440,GDH2,NUE017,C2C2-CO-LIKE
AT2G02540,HB21,PD,AT5G07440,GDH2,NUE017,ZF-HD
AT2G14210,ANR1,PD,AT5G07440,GDH2,NUE017,MADS
AT2G16400,BLH7,PD,AT5G07440,GDH2,NUE017,HB
AT2G18280,TLP2,PD,AT5G07440,GDH2,NUE017,TUB
AT2G18380,GATA20,PD,AT5G07440,GDH2,NUE017,C2C2-GATA
AT2G21320,AT2G21320,PD,AT5G07440,GDH2,NUE017,C2C2-CO-LIKE
AT2G23290,MYB70,PD,AT5G07440,GDH2,NUE017,MYB
AT2G24500,FZF,PD,AT5G07440,GDH2,NUE017,C2H2
AT2G26150,HSFA2,PD,AT5G07440,GDH2,NUE017,HSF
AT2G27300,ANAC040,PD,AT5G07440,GDH2,NUE017,NAC
AT2G31230,ERF15,PD,AT5G07440,GDH2,NUE017,AP2/EREBP
AT2G33480,ANAC041,PD,AT5G07440,GDH2,NUE017,NAC
AT2G36720,AT2G36720,PD,AT5G07440,GDH2,NUE017,PHD
AT2G38340,DREB19,PD,AT5G07440,GDH2,NUE017,AP2/EREBP
AT2G40950,BZIP17,PD,AT5G07440,GDH2,NUE017,BZIP
AT2G42830,SHP2,PD,AT5G07440,GDH2,NUE017,MADS
AT2G44730,AT2G44730,PD,AT5G07440,GDH2,NUE017,TRIHELIX
AT2G46530,ARF11,PD,AT5G07440,GDH2,NUE017,ARF
AT2G47270,UPB1,PD,AT5G07440,GDH2,NUE017,BHLH
AT2G47900,TLP3,PD,AT5G07440,GDH2,NUE017,TUB
AT2G48100,AT2G48100,PD,AT5G07440,GDH2,NUE017,C2H2
AT3G05800,AIF1,PD,AT5G07440,GDH2,NUE017,BHLH
AT3G06120,MUTE,PD,AT5G07440,GDH2,NUE017,BHLH
AT3G07650,COL9,PD,AT5G07440,GDH2,NUE017,C2C2-CO-LIKE
AT3G10470,AT3G10470,PD,AT5G07440,GDH2,NUE017,C2H2
AT3G14180,ASIL2,PD,AT5G07440,GDH2,NUE017,TRIHELIX
AT3G15210,ERF4,PD,AT5G07440,GDH2,NUE017,AP2/EREBP
AT3G17100,AT3G17100,PD,AT5G07440,GDH2,NUE017,BHLH
AT3G17609,HYH,PD,AT5G07440,GDH2,NUE017,BZIP
AT3G22760,SOL1,PD,AT5G07440,GDH2,NUE017,CPP
AT3G24490,AT3G24490,PD,AT5G07440,GDH2,NUE017,TRIHELIX
AT3G28920,HB34,PD,AT5G07440,GDH2,NUE017,ZF-HD
AT3G50410,OBP1,PD,AT5G07440,GDH2,NUE017,C2C2-DOF
AT3G51910,HSFA7A,PD,AT5G07440,GDH2,NUE017,HSF
AT3G54810,GATA8,PD,AT5G07440,GDH2,NUE017,C2C2-GATA
AT3G57480,SAP13,PD,AT5G07440,GDH2,NUE017,C2H2
AT3G61830,ARF18,PD,AT5G07440,GDH2,NUE017,ARF
AT4G00940,AT4G00940,PD,AT5G07440,GDH2,NUE017,C2C2-DOF
AT4G01120,GBF2,PD,AT5G07440,GDH2,NUE017,BZIP
AT4G01250,WRKY22,PD,AT5G07440,GDH2,NUE017,WRKY
AT4G23980,ARF9,PD,AT5G07440,GDH2,NUE017,ARF
AT4G29080,PAP2,PD,AT5G07440,GDH2,NUE017,AUX/IAA
AT4G29410,AT4G29410,PD,AT5G07440,GDH2,NUE017,
AT4G30410,AT4G30410,PD,AT5G07440,GDH2,NUE017,BHLH
AT4G35040,BZIP19,PD,AT5G07440,GDH2,NUE017,BZIP
AT4G36620,GATA19,PD,AT5G07440,GDH2,NUE017,C2C2-GATA
AT4G37260,MYB73,PD,AT5G07440,GDH2,NUE017,MYB
AT5G02840,LCL1,PD,AT5G07440,GDH2,NUE017,MYB
AT5G03510,AT5G03510,PD,AT5G07440,GDH2,NUE017,C2H2
AT5G05410,DREB2A,PD,AT5G07440,GDH2,NUE017,AP2/EREBP
AT5G06960,OBF5,PD,AT5G07440,GDH2,NUE017,BZIP
AT5G10140,FLC,PD,AT5G07440,GDH2,NUE017,MADS
AT5G13330,Rap2.6L,PD,AT5G07440,GDH2,NUE017,AP2/EREBP
AT5G15210,HB30,PD,AT5G07440,GDH2,NUE017,ZF-HD
AT5G39660,CDF2,PD,AT5G07440,GDH2,NUE017,C2C2-DOF
AT5G39760,HB23,PD,AT5G07440,GDH2,NUE017,ZF-HD
AT5G45710,HSFA4C,PD,AT5G07440,GDH2,NUE017,HSF
AT5G50820,ANAC097,PD,AT5G07440,GDH2,NUE017,NAC
AT5G51230,EMF2,PD,AT5G07440,GDH2,NUE017,C2H2
AT5G51990,CBF4,PD,AT5G07440,GDH2,NUE017,AP2/EREBP
AT5G54680,ILR3,PD,AT5G07440,GDH2,NUE017,BHLH
AT5G54930,AT5G54930,PD,AT5G07440,GDH2,NUE017,
AT5G59820,RHL41,PD,AT5G07440,GDH2,NUE017,C2H2
AT5G60850,OBP4,PD,AT5G07440,GDH2,NUE017,C2C2-DOF
AT5G60910,AGL8,PD,AT5G07440,GDH2,NUE017,MADS
AT5G61590,ERF107,PD,AT5G07440,GDH2,NUE017,AP2/EREBP
AT5G63280,AT5G63280,PD,AT5G07440,GDH2,NUE017,C2H2
AT5G63790,ANAC102,PD,AT5G07440,GDH2,NUE017,NAC
AT5G65210,TGA1,PD,AT5G07440,GDH2,NUE017,BZIP
AT5G67580,TRB2,PD,AT5G07440,GDH2,NUE017,MYB
AT1G05805,BHLH128,PD,AT3G47340,ASN1,NUE018,BHLH
AT1G16530,LBD3,PD,AT3G47340,ASN1,NUE018,
AT1G20910,ARID6,PD,AT3G47340,ASN1,NUE018,ARID
AT1G51600,ZML2,PD,AT3G47340,ASN1,NUE018,C2C2-GATA
AT1G76880,AT1G76880,PD,AT3G47340,ASN1,NUE018,TRIHELIX
AT2G02540,HB21,PD,AT3G47340,ASN1,NUE018,ZF-HD
AT2G35530,BZIP16,PD,AT3G47340,ASN1,NUE018,BZIP
AT2G44730,AT2G44730,PD,AT3G47340,ASN1,NUE018,TRIHELIX
AT3G19290,ABF4,PD,AT3G47340,ASN1,NUE018,BZIP
AT4G37260,MYB73,PD,AT3G47340,ASN1,NUE018,MYB
AT5G05790,AT5G05790,PD,AT3G47340,ASN1,NUE018,MYB
AT5G10510,AIL6,PD,AT3G47340,ASN1,NUE018,AP2/EREBP
AT5G15210,HB30,PD,AT3G47340,ASN1,NUE018,ZF-HD
AT5G44210,ERF9,PD,AT3G47340,ASN1,NUE018,AP2/EREBP
AT5G54680,ILR3,PD,AT3G47340,ASN1,NUE018,BHLH
AT5G54930,AT5G54930,PD,AT3G47340,ASN1,NUE018,
AT5G63790,ANAC102,PD,AT3G47340,ASN1,NUE018,NAC
AT1G12610,DDF1,PD,AT5G65010,ASN2,NUE019,AP2/EREBP
AT1G16530,LBD3,PD,AT5G65010,ASN2,NUE019,
AT1G20700,WOX14,PD,AT5G65010,ASN2,NUE019,HB
AT1G47870,E2Fc,PD,AT5G65010,ASN2,NUE019,E2F/DP
AT1G61730,AT1G61730,PD,AT5G65010,ASN2,NUE019,GEBP
AT1G64530,NLP6,PD,AT5G65010,ASN2,NUE019,NIN-LIKE
AT1G71130,ERF070,PD,AT5G65010,ASN2,NUE019,AP2/EREBP
AT2G44730,AT2G44730,PD,AT5G65010,ASN2,NUE019,TRIHELIX
AT2G46270,GBF3,PD,AT5G65010,ASN2,NUE019,BZIP
AT2G46680,HB7,PD,AT5G65010,ASN2,NUE019,HB
AT3G19290,ABF4,PD,AT5G65010,ASN2,NUE019,BZIP
AT3G53340,NF-YB10,PD,AT5G65010,ASN2,NUE019,CCAAT-HAP3
AT3G61890,HB12,PD,AT5G65010,ASN2,NUE019,HB
AT4G23980,ARF9,PD,AT5G65010,ASN2,NUE019,ARF
AT4G24020,NLP7,PD,AT5G65010,ASN2,NUE019,NIN-LIKE
AT4G35550,HB4,PD,AT5G65010,ASN2,NUE019,HB
AT4G37260,MYB73,PD,AT5G65010,ASN2,NUE019,MYB
AT4G37790,HAT22,PD,AT5G65010,ASN2,NUE019,HB
AT5G05410,DREB2A,PD,AT5G65010,ASN2,NUE019,AP2/EREBP
AT5G06710,HAT14,PD,AT5G65010,ASN2,NUE019,HB
AT5G23090,NF-YB13,PD,AT5G65010,ASN2,NUE019,CCAAT-DR1
AT5G54680,ILR3,PD,AT5G65010,ASN2,NUE019,BHLH
AT5G63790,ANAC102,PD,AT5G65010,ASN2,NUE019,NAC
AT1G16530,LBD3,PD,AT4G35260,IDH1,NUE020,
AT1G76350,NLP5,PD,AT4G35260,IDH1,NUE020,NIN-LIKE
AT1G16530,LBD3,PD,AT3G14940,PPC3,NUE021,
AT1G20910,ARID6,PD,AT3G14940,PPC3,NUE021,ARID
AT1G51600,ZML2,PD,AT3G14940,PPC3,NUE021,C2C2-GATA
AT4G29080,PAP2,PD,AT3G14940,PPC3,NUE021,AUX/IAA
AT4G36160,ANAC076,PD,AT3G14940,PPC3,NUE021,NAC
AT1G04880,HMGB15,PD,AT3G47520,MDH,NUE022,ARID
AT1G12260,VND4,PD,AT3G47520,MDH,NUE022,NAC
AT1G12610,DDF1,PD,AT3G47520,MDH,NUE022,AP2/EREBP
AT1G12630,ERF027,PD,AT3G47520,MDH,NUE022,AP2/EREBP
AT1G13260,RAV1,PD,AT3G47520,MDH,NUE022,AP2/EREBP
AT1G14350,FLP,PD,AT3G47520,MDH,NUE022,MYB
AT1G16530,LBD3,PD,AT3G47520,MDH,NUE022,
AT1G21910,DREB26,PD,AT3G47520,MDH,NUE022,AP2/EREBP
AT1G22985,ERF069,PD,AT3G47520,MDH,NUE022,AP2/EREBP
AT1G25560,TEM1,PD,AT3G47520,MDH,NUE022,AP2/EREBP
AT1G47870,E2Fc,PD,AT3G47520,MDH,NUE022,E2F/DP
AT1G51600,ZML2,PD,AT3G47520,MDH,NUE022,C2C2-GATA
AT1G53910,RAP2.12,PD,AT3G47520,MDH,NUE022,AP2/EREBP
AT1G54060,ASIL1,PD,AT3G47520,MDH,NUE022,TRIHELIX
AT1G61730,AT1G61730,PD,AT3G47520,MDH,NUE022,GEBP
AT1G68130,IDD14,PD,AT3G47520,MDH,NUE022,C2H2
AT1G68840,RAV2,PD,AT3G47520,MDH,NUE022,AP2/EREBP
AT1G68920,BHLH49,PD,AT3G47520,MDH,NUE022,BHLH
AT1G69010,BIM2,PD,AT3G47520,MDH,NUE022,BHLH
AT1G71130,ERF070,PD,AT3G47520,MDH,NUE022,AP2/EREBP
AT2G21230,BZIP30,PD,AT3G47520,MDH,NUE022,BZIP
AT2G22840,GRF1,PD,AT3G47520,MDH,NUE022,GRF
AT2G31230,ERF15,PD,AT3G47520,MDH,NUE022,AP2/EREBP
AT2G44730,AT2G44730,PD,AT3G47520,MDH,NUE022,TRIHELIX
AT3G01970,WRKY45,PD,AT3G47520,MDH,NUE022,WRKY
AT3G11580,AT3G11580,PD,AT3G47520,MDH,NUE022,ABI3/VP1
AT3G19290,ABF4,PD,AT3G47520,MDH,NUE022,BZIP
AT3G25730,EDF3,PD,AT3G47520,MDH,NUE022,AP2/EREBP
AT3G53340,NF-YB10,PD,AT3G47520,MDH,NUE022,CCAAT-HAP3
AT3G54390,AT3G54390,PD,AT3G47520,MDH,NUE022,TRIHELIX
AT3G60580,ZAT9,PD,AT3G47520,MDH,NUE022,C2H2
AT3G61830,ARF18,PD,AT3G47520,MDH,NUE022,ARF
AT4G23750,CRF2,PD,AT3G47520,MDH,NUE022,AP2/EREBP
AT4G36730,GBF1,PD,AT3G47520,MDH,NUE022,BZIP
AT4G37260,MYB73,PD,AT3G47520,MDH,NUE022,MYB
AT5G06960,OBF5,PD,AT3G47520,MDH,NUE022,BZIP
AT5G13330,Rap2.6L,PD,AT3G47520,MDH,NUE022,AP2/EREBP
AT5G13910,LEP,PD,AT3G47520,MDH,NUE022,AP2/EREBP
AT5G44210,ERF9,PD,AT3G47520,MDH,NUE022,AP2/EREBP
AT5G47220,ERF2,PD,AT3G47520,MDH,NUE022,AP2/EREBP
AT5G47230,ERF5,PD,AT3G47520,MDH,NUE022,AP2/EREBP
AT5G51190,ERF105,PD,AT3G47520,MDH,NUE022,AP2/EREBP
AT5G51990,CBF4,PD,AT3G47520,MDH,NUE022,AP2/EREBP
AT5G54680,ILR3,PD,AT3G47520,MDH,NUE022,BHLH
AT5G61590,ERF107,PD,AT3G47520,MDH,NUE022,AP2/EREBP
AT5G61600,ERF104,PD,AT3G47520,MDH,NUE022,AP2/EREBP
AT5G62380,VND6,PD,AT3G47520,MDH,NUE022,NAC
AT5G62610,BHLH79,PD,AT3G47520,MDH,NUE022,BHLH
AT1G16530,LBD3,PD,AT5G13110,G6PD2,NUE023,
AT1G47870,E2Fc,PD,AT5G13110,G6PD2,NUE023,E2F/DP
AT1G64530,NLP6,PD,AT5G13110,G6PD2,NUE023,NIN-LIKE
AT1G68840,RAV2,PD,AT5G13110,G6PD2,NUE023,AP2/EREBP
AT1G68920,BHLH49,PD,AT5G13110,G6PD2,NUE023,BHLH
AT1G71130,ERF070,PD,AT5G13110,G6PD2,NUE023,AP2/EREBP
AT1G77450,ANAC032,PD,AT5G13110,G6PD2,NUE023,NAC
AT2G23290,MYB70,PD,AT5G13110,G6PD2,NUE023,MYB
AT2G44730,AT2G44730,PD,AT5G13110,G6PD2,NUE023,TRIHELIX
AT3G07650,COL9,PD,AT5G13110,G6PD2,NUE023,C2C2-CO-LIKE
AT3G15210,ERF4,PD,AT5G13110,G6PD2,NUE023,AP2/EREBP
AT3G19290,ABF4,PD,AT5G13110,G6PD2,NUE023,BZIP
AT3G54390,AT3G54390,PD,AT5G13110,G6PD2,NUE023,TRIHELIX
AT3G61830,ARF18,PD,AT5G13110,G6PD2,NUE023,ARF
AT4G23980,ARF9,PD,AT5G13110,G6PD2,NUE023,ARF
AT4G24020,NLP7,PD,AT5G13110,G6PD2,NUE023,NIN-LIKE
AT4G37850,BHLH25,PD,AT5G13110,G6PD2,NUE023,BHLH
AT5G05410,DREB2A,PD,AT5G13110,G6PD2,NUE023,AP2/EREBP
AT5G17800,MYB56,PD,AT5G13110,G6PD2,NUE023,MYB
AT5G23090,NF-YB13,PD,AT5G13110,G6PD2,NUE023,CCAAT-DR1
AT5G44210,ERF9,PD,AT5G13110,G6PD2,NUE023,AP2/EREBP
AT5G51190,ERF105,PD,AT5G13110,G6PD2,NUE023,AP2/EREBP
AT5G54680,ILR3,PD,AT5G13110,G6PD2,NUE023,BHLH
AT5G60850,OBP4,PD,AT5G13110,G6PD2,NUE023,C2C2-DOF
AT5G63790,ANAC102,PD,AT5G13110,G6PD2,NUE023,NAC
AT1G16530,LBD3,PD,AT1G24280,G6PD3,NUE024,
AT4G34990,MYB32,PD,AT1G24280,G6PD3,NUE024,MYB
AT1G16530,LBD3,PD,AT3G60750,TKL1,NUE027,
AT1G73730,EIL3,PD,AT3G60750,TKL1,NUE027,EIL
AT1G76350,NLP5,PD,AT3G60750,TKL1,NUE027,NIN-LIKE
AT3G17100,AT3G17100,PD,AT3G60750,TKL1,NUE027,BHLH
AT5G23090,NF-YB13,PD,AT3G60750,TKL1,NUE027,CCAAT-DR1
AT1G04880,HMGB15,PD,AT4G24620,PGI1,NUE029,ARID
AT1G14350,FLP,PD,AT4G24620,PGI1,NUE029,MYB
AT1G16530,LBD3,PD,AT4G24620,PGI1,NUE029,
AT1G21910,DREB26,PD,AT4G24620,PGI1,NUE029,AP2/EREBP
AT1G22985,ERF069,PD,AT4G24620,PGI1,NUE029,AP2/EREBP
AT1G24625,ZFP7,PD,AT4G24620,PGI1,NUE029,C2H2
AT1G47870,E2Fc,PD,AT4G24620,PGI1,NUE029,E2F/DP
AT1G54060,ASIL1,PD,AT4G24620,PGI1,NUE029,TRIHELIX
AT1G61730,AT1G61730,PD,AT4G24620,PGI1,NUE029,GEBP
AT1G69010,BIM2,PD,AT4G24620,PGI1,NUE029,BHLH
AT1G71130,ERF070,PD,AT4G24620,PGI1,NUE029,AP2/EREBP
AT1G76350,NLP5,PD,AT4G24620,PGI1,NUE029,NIN-LIKE
AT1G76510,ARID5,PD,AT4G24620,PGI1,NUE029,ARID
AT2G23290,MYB70,PD,AT4G24620,PGI1,NUE029,MYB
AT2G44730,AT2G44730,PD,AT4G24620,PGI1,NUE029,TRIHELIX
AT2G46270,GBF3,PD,AT4G24620,PGI1,NUE029,BZIP
AT2G47900,TLP3,PD,AT4G24620,PGI1,NUE029,TUB
AT3G08500,MYB83,PD,AT4G24620,PGI1,NUE029,MYB
AT3G19290,ABF4,PD,AT4G24620,PGI1,NUE029,BZIP
AT3G61830,ARF18,PD,AT4G24620,PGI1,NUE029,ARF
AT4G17490,ERF6,PD,AT4G24620,PGI1,NUE029,AP2/EREBP
AT4G23980,ARF9,PD,AT4G24620,PGI1,NUE029,ARF
AT5G10510,AIL6,PD,AT4G24620,PGI1,NUE029,AP2/EREBP
AT5G15210,HB30,PD,AT4G24620,PGI1,NUE029,ZF-HD
AT5G47220,ERF2,PD,AT4G24620,PGI1,NUE029,AP2/EREBP
AT5G51990,CBF4,PD,AT4G24620,PGI1,NUE029,AP2/EREBP
AT5G61600,ERF104,PD,AT4G24620,PGI1,NUE029,AP2/EREBP
AT1G01060,LHY,PD,AT1G72330,ALAAT2,NUE030,MYB
AT1G02220,ANAC003,PD,AT1G72330,ALAAT2,NUE030,NAC
AT1G13960,WRKY4,PD,AT1G72330,ALAAT2,NUE030,WRKY
AT1G16530,LBD3,PD,AT1G72330,ALAAT2,NUE030,
AT1G20700,WOX14,PD,AT1G72330,ALAAT2,NUE030,HB
AT1G20910,ARID6,PD,AT1G72330,ALAAT2,NUE030,ARID
AT1G26610,AT1G26610,PD,AT1G72330,ALAAT2,NUE030,C2H2
AT1G29160,DOF1.5,PD,AT1G72330,ALAAT2,NUE030,C2C2-DOF
AT1G29280,WRKY65,PD,AT1G72330,ALAAT2,NUE030,WRKY
AT1G32870,ANAC013,PD,AT1G72330,ALAAT2,NUE030,NAC
AT1G34180,ANAC016,PD,AT1G72330,ALAAT2,NUE030,NAC
AT1G34190,ANAC017,PD,AT1G72330,ALAAT2,NUE030,NAC
AT1G47870,E2Fc,PD,AT1G72330,ALAAT2,NUE030,E2F/DP
AT1G53910,RAP2.12,PD,AT1G72330,ALAAT2,NUE030,AP2/EREBP
AT1G54060,ASIL1,PD,AT1G72330,ALAAT2,NUE030,TRIHELIX
AT1G61730,AT1G61730,PD,AT1G72330,ALAAT2,NUE030,GEBP
AT1G69310,WRKY57,PD,AT1G72330,ALAAT2,NUE030,WRKY
AT1G76510,ARID5,PD,AT1G72330,ALAAT2,NUE030,ARID
AT2G02540,HB21,PD,AT1G72330,ALAAT2,NUE030,ZF-HD
AT2G23290,MYB70,PD,AT1G72330,ALAAT2,NUE030,MYB
AT2G23320,WRKY15,PD,AT1G72330,ALAAT2,NUE030,WRKY
AT2G26940,AT2G26940,PD,AT1G72330,ALAAT2,NUE030,C2H2
AT2G30590,WRKY21,PD,AT1G72330,ALAAT2,NUE030,WRKY
AT2G38470,WRKY33,PD,AT1G72330,ALAAT2,NUE030,WRKY
AT2G40950,BZIP17,PD,AT1G72330,ALAAT2,NUE030,BZIP
AT2G44730,AT2G44730,PD,AT1G72330,ALAAT2,NUE030,TRIHELIX
AT2G46270,GBF3,PD,AT1G72330,ALAAT2,NUE030,BZIP
AT3G01970,WRKY45,PD,AT1G72330,ALAAT2,NUE030,WRKY
AT3G19580,AZF2,PD,AT1G72330,ALAAT2,NUE030,C2H2
AT3G28920,HB34,PD,AT1G72330,ALAAT2,NUE030,ZF-HD
AT3G45610,DOF3.2,PD,AT1G72330,ALAAT2,NUE030,C2C2-DOF
AT3G58710,WRKY69,PD,AT1G72330,ALAAT2,NUE030,WRKY
AT4G01250,WRKY22,PD,AT1G72330,ALAAT2,NUE030,WRKY
AT4G18880,HSFA4A,PD,AT1G72330,ALAAT2,NUE030,HSF
AT4G28500,ANAC073,PD,AT1G72330,ALAAT2,NUE030,NAC
AT4G31550,WRKY11,PD,AT1G72330,ALAAT2,NUE030,WRKY
AT4G34610,BLH6,PD,AT1G72330,ALAAT2,NUE030,HB
AT4G35550,HB4,PD,AT1G72330,ALAAT2,NUE030,HB
AT5G03510,AT5G03510,PD,AT1G72330,ALAAT2,NUE030,C2H2
AT5G08520,AT5G08520,PD,AT1G72330,ALAAT2,NUE030,MYB
AT5G09330,VNI1,PD,AT1G72330,ALAAT2,NUE030,NAC
AT5G13330,Rap2.6L,PD,AT1G72330,ALAAT2,NUE030,AP2/EREBP
AT5G15210,HB30,PD,AT1G72330,ALAAT2,NUE030,ZF-HD
AT5G39760,HB23,PD,AT1G72330,ALAAT2,NUE030,ZF-HD
AT5G43170,AZF3,PD,AT1G72330,ALAAT2,NUE030,C2H2
AT5G49520,WRKY48,PD,AT1G72330,ALAAT2,NUE030,WRKY
AT5G49620,MYB78,PD,AT1G72330,ALAAT2,NUE030,MYB
AT5G54680,ILR3,PD,AT1G72330,ALAAT2,NUE030,BHLH
AT5G60450,ARF4,PD,AT1G72330,ALAAT2,NUE030,ARF
AT5G60890,MYB34,PD,AT1G72330,ALAAT2,NUE030,MYB
AT5G63790,ANAC102,PD,AT1G72330,ALAAT2,NUE030,NAC
AT1G02340,HFR1,PD,AT2G29400,TOPP1,NUE031,BHLH
AT1G12610,DDF1,PD,AT2G29400,TOPP1,NUE031,AP2/EREBP
AT1G12630,ERF027,PD,AT2G29400,TOPP1,NUE031,AP2/EREBP
AT1G16530,LBD3,PD,AT2G29400,TOPP1,NUE031,
AT1G20700,WOX14,PD,AT2G29400,TOPP1,NUE031,HB
AT1G20910,ARID6,PD,AT2G29400,TOPP1,NUE031,ARID
AT1G21910,DREB26,PD,AT2G29400,TOPP1,NUE031,AP2/EREBP
AT1G31320,LBD4,PD,AT2G29400,TOPP1,NUE031,
AT1G44830,ERF014,PD,AT2G29400,TOPP1,NUE031,AP2/EREBP
AT1G50640,ERF3,PD,AT2G29400,TOPP1,NUE031,AP2/EREBP
AT1G51600,ZML2,PD,AT2G29400,TOPP1,NUE031,C2C2-GATA
AT1G54060,ASIL1,PD,AT2G29400,TOPP1,NUE031,TRIHELIX
AT1G61730,AT1G61730,PD,AT2G29400,TOPP1,NUE031,GEBP
AT1G71130,ERF070,PD,AT2G29400,TOPP1,NUE031,AP2/EREBP
AT1G76510,ARID5,PD,AT2G29400,TOPP1,NUE031,ARID
AT2G02540,HB21,PD,AT2G29400,TOPP1,NUE031,ZF-HD
AT2G23290,MYB70,PD,AT2G29400,TOPP1,NUE031,MYB
AT2G41070,EEL,PD,AT2G29400,TOPP1,NUE031,BZIP
AT2G44730,AT2G44730,PD,AT2G29400,TOPP1,NUE031,TRIHELIX
AT3G28920,HB34,PD,AT2G29400,TOPP1,NUE031,ZF-HD
AT3G60490,ERF035,PD,AT2G29400,TOPP1,NUE031,AP2/EREBP
AT4G24020,NLP7,PD,AT2G29400,TOPP1,NUE031,NIN-LIKE
AT4G29080,PAP2,PD,AT2G29400,TOPP1,NUE031,AUX/IAA
AT4G36900,RAP2.10,PD,AT2G29400,TOPP1,NUE031,AP2/EREBP
AT4G37260,MYB73,PD,AT2G29400,TOPP1,NUE031,MYB
AT5G06960,OBF5,PD,AT2G29400,TOPP1,NUE031,BZIP
AT5G08520,AT5G08520,PD,AT2G29400,TOPP1,NUE031,MYB
AT5G13330,Rap2.6L,PD,AT2G29400,TOPP1,NUE031,AP2/EREBP
AT5G15210,HB30,PD,AT2G29400,TOPP1,NUE031,ZF-HD
AT5G39760,HB23,PD,AT2G29400,TOPP1,NUE031,ZF-HD
AT5G44210,ERF9,PD,AT2G29400,TOPP1,NUE031,AP2/EREBP
AT5G52020,ERF025,PD,AT2G29400,TOPP1,NUE031,AP2/EREBP
AT5G61590,ERF107,PD,AT2G29400,TOPP1,NUE031,AP2/EREBP
AT5G61890,ERF114,PD,AT2G29400,TOPP1,NUE031,AP2/EREBP
AT5G63790,ANAC102,PD,AT2G29400,TOPP1,NUE031,NAC
AT1G04240,SHY2,PD,AT5G59160,TOPP2,NUE032,AUX/IAA
AT1G04880,HMGB15,PD,AT5G59160,TOPP2,NUE032,ARID
AT1G12610,DDF1,PD,AT5G59160,TOPP2,NUE032,AP2/EREBP
AT1G12630,ERF027,PD,AT5G59160,TOPP2,NUE032,AP2/EREBP
AT1G16530,LBD3,PD,AT5G59160,TOPP2,NUE032,
AT1G20700,WOX14,PD,AT5G59160,TOPP2,NUE032,HB
AT1G20910,ARID6,PD,AT5G59160,TOPP2,NUE032,ARID
AT1G47870,E2Fc,PD,AT5G59160,TOPP2,NUE032,E2F/DP
AT1G54060,ASIL1,PD,AT5G59160,TOPP2,NUE032,TRIHELIX
AT1G61730,AT1G61730,PD,AT5G59160,TOPP2,NUE032,GEBP
AT1G68360,AT1G68360,PD,AT5G59160,TOPP2,NUE032,C2H2
AT1G71130,ERF070,PD,AT5G59160,TOPP2,NUE032,AP2/EREBP
AT1G76510,ARID5,PD,AT5G59160,TOPP2,NUE032,ARID
AT1G76880,AT1G76880,PD,AT5G59160,TOPP2,NUE032,TRIHELIX
AT2G23290,MYB70,PD,AT5G59160,TOPP2,NUE032,MYB
AT2G31230,ERF15,PD,AT5G59160,TOPP2,NUE032,AP2/EREBP
AT2G44730,AT2G44730,PD,AT5G59160,TOPP2,NUE032,TRIHELIX
AT3G62100,IAA30,PD,AT5G59160,TOPP2,NUE032,AUX/IAA
AT4G23980,ARF9,PD,AT5G59160,TOPP2,NUE032,ARF
AT4G37260,MYB73,PD,AT5G59160,TOPP2,NUE032,MYB
AT5G05410,DREB2A,PD,AT5G59160,TOPP2,NUE032,AP2/EREBP
AT5G08520,AT5G08520,PD,AT5G59160,TOPP2,NUE032,MYB
AT5G13330,Rap2.6L,PD,AT5G59160,TOPP2,NUE032,AP2/EREBP
AT5G43700,IAA4,PD,AT5G59160,TOPP2,NUE032,AUX/IAA
AT5G54680,ILR3,PD,AT5G59160,TOPP2,NUE032,BHLH
AT5G63790,ANAC102,PD,AT5G59160,TOPP2,NUE032,NAC
AT1G09540,MYB61,PD,AT1G64040,TOPP3,NUE033,MYB
AT1G16490,MYB58,PD,AT1G64040,TOPP3,NUE033,MYB
AT1G16530,LBD3,PD,AT1G64040,TOPP3,NUE033,
AT1G19210,ERF017,PD,AT1G64040,TOPP3,NUE033,AP2/EREBP
AT1G20700,WOX14,PD,AT1G64040,TOPP3,NUE033,HB
AT1G34190,ANAC017,PD,AT1G64040,TOPP3,NUE033,NAC
AT1G48000,MYB112,PD,AT1G64040,TOPP3,NUE033,MYB
AT1G54060,ASIL1,PD,AT1G64040,TOPP3,NUE033,TRIHELIX
AT1G61730,AT1G61730,PD,AT1G64040,TOPP3,NUE033,GEBP
AT2G31230,ERF15,PD,AT1G64040,TOPP3,NUE033,AP2/EREBP
AT2G35530,BZIP16,PD,AT1G64040,TOPP3,NUE033,BZIP
AT2G44730,AT2G44730,PD,AT1G64040,TOPP3,NUE033,TRIHELIX
AT2G47190,MYB2,PD,AT1G64040,TOPP3,NUE033,MYB
AT3G06490,MYB108,PD,AT1G64040,TOPP3,NUE033,MYB
AT3G08500,MYB83,PD,AT1G64040,TOPP3,NUE033,MYB
AT3G58710,WRKY69,PD,AT1G64040,TOPP3,NUE033,WRKY
AT3G61890,HB12,PD,AT1G64040,TOPP3,NUE033,HB
AT4G24020,NLP7,PD,AT1G64040,TOPP3,NUE033,NIN-LIKE
AT4G31420,AT4G31420,PD,AT1G64040,TOPP3,NUE033,C2H2
AT5G08520,AT5G08520,PD,AT1G64040,TOPP3,NUE033,MYB
AT5G49620,MYB78,PD,AT1G64040,TOPP3,NUE033,MYB
AT5G54680,ILR3,PD,AT1G64040,TOPP3,NUE033,BHLH
AT5G61890,ERF114,PD,AT1G64040,TOPP3,NUE033,AP2/EREBP
AT5G63790,ANAC102,PD,AT1G64040,TOPP3,NUE033,NAC
AT5G65310,HB5,PD,AT1G64040,TOPP3,NUE033,HB
AT1G14580,AT1G14580,PD,AT2G39840,TOPP4,NUE034,C2H2
AT1G16530,LBD3,PD,AT2G39840,TOPP4,NUE034,
AT1G20700,WOX14,PD,AT2G39840,TOPP4,NUE034,HB
AT1G20910,ARID6,PD,AT2G39840,TOPP4,NUE034,ARID
AT1G48000,MYB112,PD,AT2G39840,TOPP4,NUE034,MYB
AT1G74660,MIF1,PD,AT2G39840,TOPP4,NUE034,ZF-HD
AT1G76510,ARID5,PD,AT2G39840,TOPP4,NUE034,ARID
AT2G02540,HB21,PD,AT2G39840,TOPP4,NUE034,ZF-HD
AT2G40950,BZIP17,PD,AT2G39840,TOPP4,NUE034,BZIP
AT2G44730,AT2G44730,PD,AT2G39840,TOPP4,NUE034,TRIHELIX
AT3G06490,MYB108,PD,AT2G39840,TOPP4,NUE034,MYB
AT3G28920,HB34,PD,AT2G39840,TOPP4,NUE034,ZF-HD
AT3G46130,MYB48,PD,AT2G39840,TOPP4,NUE034,MYB
AT4G37260,MYB73,PD,AT2G39840,TOPP4,NUE034,MYB
AT5G15210,HB30,PD,AT2G39840,TOPP4,NUE034,ZF-HD
AT5G39760,HB23,PD,AT2G39840,TOPP4,NUE034,ZF-HD
AT5G43700,IAA4,PD,AT2G39840,TOPP4,NUE034,AUX/IAA
AT5G49620,MYB78,PD,AT2G39840,TOPP4,NUE034,MYB
AT5G54930,AT5G54930,PD,AT2G39840,TOPP4,NUE034,
AT5G63790,ANAC102,PD,AT2G39840,TOPP4,NUE034,NAC
AT5G39760,HB23,PD,AT3G46820,TOPP5,NUE035,ZF-HD
AT5G60450,ARF4,PD,AT3G46820,TOPP5,NUE035,ARF
AT1G12630,ERF027,PD,AT5G43380,TOPP6,NUE036,AP2/EREBP
AT1G47870,E2Fc,PD,AT5G43380,TOPP6,NUE036,E2F/DP
AT1G54060,ASIL1,PD,AT5G43380,TOPP6,NUE036,TRIHELIX
AT1G61730,AT1G61730,PD,AT5G43380,TOPP6,NUE036,GEBP
AT1G71130,ERF070,PD,AT5G43380,TOPP6,NUE036,AP2/EREBP
AT1G76880,AT1G76880,PD,AT5G43380,TOPP6,NUE036,TRIHELIX
AT2G26940,AT2G26940,PD,AT5G43380,TOPP6,NUE036,C2H2
AT2G40950,BZIP17,PD,AT5G43380,TOPP6,NUE036,BZIP
AT2G44730,AT2G44730,PD,AT5G43380,TOPP6,NUE036,TRIHELIX
AT3G25730,EDF3,PD,AT5G43380,TOPP6,NUE036,AP2/EREBP
AT4G01120,GBF2,PD,AT5G43380,TOPP6,NUE036,BZIP
AT4G23980,ARF9,PD,AT5G43380,TOPP6,NUE036,ARF
AT4G36730,GBF1,PD,AT5G43380,TOPP6,NUE036,BZIP
AT5G61590,ERF107,PD,AT5G43380,TOPP6,NUE036,AP2/EREBP
AT1G12630,ERF027,PD,AT3G05580,TOPP9,NUE037,AP2/EREBP
AT1G16530,LBD3,PD,AT3G05580,TOPP9,NUE037,
AT1G20700,WOX14,PD,AT3G05580,TOPP9,NUE037,HB
AT1G20910,ARID6,PD,AT3G05580,TOPP9,NUE037,ARID
AT1G24625,ZFP7,PD,AT3G05580,TOPP9,NUE037,C2H2
AT1G47870,E2Fc,PD,AT3G05580,TOPP9,NUE037,E2F/DP
AT1G50640,ERF3,PD,AT3G05580,TOPP9,NUE037,AP2/EREBP
AT1G52830,IAA6,PD,AT3G05580,TOPP9,NUE037,AUX/IAA
AT1G54060,ASIL1,PD,AT3G05580,TOPP9,NUE037,TRIHELIX
AT1G61730,AT1G61730,PD,AT3G05580,TOPP9,NUE037,GEBP
AT1G71130,ERF070,PD,AT3G05580,TOPP9,NUE037,AP2/EREBP
AT1G76510,ARID5,PD,AT3G05580,TOPP9,NUE037,ARID
AT2G23290,MYB70,PD,AT3G05580,TOPP9,NUE037,MYB
AT2G31230,ERF15,PD,AT3G05580,TOPP9,NUE037,AP2/EREBP
AT2G36720,AT2G36720,PD,AT3G05580,TOPP9,NUE037,PHD
AT2G40950,BZIP17,PD,AT3G05580,TOPP9,NUE037,BZIP
AT2G44730,AT2G44730,PD,AT3G05580,TOPP9,NUE037,TRIHELIX
AT2G46530,ARF11,PD,AT3G05580,TOPP9,NUE037,ARF
AT3G19290,ABF4,PD,AT3G05580,TOPP9,NUE037,BZIP
AT3G28920,HB34,PD,AT3G05580,TOPP9,NUE037,ZF-HD
AT3G45610,DOF3.2,PD,AT3G05580,TOPP9,NUE037,C2C2-DOF
AT4G29080,PAP2,PD,AT3G05580,TOPP9,NUE037,AUX/IAA
AT5G06960,OBF5,PD,AT3G05580,TOPP9,NUE037,BZIP
AT5G13330,Rap2.6L,PD,AT3G05580,TOPP9,NUE037,AP2/EREBP
AT5G15210,HB30,PD,AT3G05580,TOPP9,NUE037,ZF-HD
AT5G54680,ILR3,PD,AT3G05580,TOPP9,NUE037,BHLH
AT5G62610,BHLH79,PD,AT3G05580,TOPP9,NUE037,BHLH
AT1G12610,DDF1,PD,AT3G59900,ARGOS,NUE038,AP2/EREBP
AT1G61730,AT1G61730,PD,AT3G59900,ARGOS,NUE038,GEBP
AT1G76880,AT1G76880,PD,AT3G59900,ARGOS,NUE038,TRIHELIX
AT2G44730,AT2G44730,PD,AT3G59900,ARGOS,NUE038,TRIHELIX
AT4G23980,ARF9,PD,AT3G59900,ARGOS,NUE038,ARF
AT1G12630,ERF027,PD,AT2G44080,ARL,NUE039,AP2/EREBP
AT1G14580,AT1G14580,PD,AT2G44080,ARL,NUE039,C2H2
AT1G16530,LBD3,PD,AT2G44080,ARL,NUE039,
AT1G20910,ARID6,PD,AT2G44080,ARL,NUE039,ARID
AT2G31230,ERF15,PD,AT2G44080,ARL,NUE039,AP2/EREBP
AT2G40950,BZIP17,PD,AT2G44080,ARL,NUE039,BZIP
AT2G44730,AT2G44730,PD,AT2G44080,ARL,NUE039,TRIHELIX
AT4G37260,MYB73,PD,AT2G44080,ARL,NUE039,MYB
AT1G78600,LZF1,PD,AT2G41230,ORS1,NUE040,C2C2-CO-LIKE
AT3G62100,IAA30,PD,AT2G41230,ORS1,NUE040,AUX/IAA
AT1G04880,HMGB15,PD,AT2G41225,ORS2,NUE041,ARID
AT1G12610,DDF1,PD,AT2G41225,ORS2,NUE041,AP2/EREBP
AT1G16530,LBD3,PD,AT2G41225,ORS2,NUE041,
AT1G20700,WOX14,PD,AT2G41225,ORS2,NUE041,HB
AT1G43700,VIP1,PD,AT2G41225,ORS2,NUE041,BZIP
AT1G47870,E2Fc,PD,AT2G41225,ORS2,NUE041,E2F/DP
AT1G50640,ERF3,PD,AT2G41225,ORS2,NUE041,AP2/EREBP
AT1G54060,ASIL1,PD,AT2G41225,ORS2,NUE041,TRIHELIX
AT1G61730,AT1G61730,PD,AT2G41225,ORS2,NUE041,GEBP
AT1G68360,AT1G68360,PD,AT2G41225,ORS2,NUE041,C2H2
AT1G71130,ERF070,PD,AT2G41225,ORS2,NUE041,AP2/EREBP
AT1G76880,AT1G76880,PD,AT2G41225,ORS2,NUE041,TRIHELIX
AT2G21230,BZIP30,PD,AT2G41225,ORS2,NUE041,BZIP
AT2G22840,GRF1,PD,AT2G41225,ORS2,NUE041,GRF
AT2G23290,MYB70,PD,AT2G41225,ORS2,NUE041,MYB
AT2G31370,AT2G31370,PD,AT2G41225,ORS2,NUE041,BZIP
AT2G44730,AT2G44730,PD,AT2G41225,ORS2,NUE041,TRIHELIX
AT3G19290,ABF4,PD,AT2G41225,ORS2,NUE041,BZIP
AT3G55370,OBP3,PD,AT2G41225,ORS2,NUE041,C2C2-DOF
AT3G61830,ARF18,PD,AT2G41225,ORS2,NUE041,ARF
AT4G18880,HSFA4A,PD,AT2G41225,ORS2,NUE041,HSF
AT4G23980,ARF9,PD,AT2G41225,ORS2,NUE041,ARF
AT5G05410,DREB2A,PD,AT2G41225,ORS2,NUE041,AP2/EREBP
AT5G13330,Rap2.6L,PD,AT2G41225,ORS2,NUE041,AP2/EREBP
AT5G14340,MYB40,PD,AT2G41225,ORS2,NUE041,MYB
AT5G15210,HB30,PD,AT2G41225,ORS2,NUE041,ZF-HD
AT5G39760,HB23,PD,AT2G41225,ORS2,NUE041,ZF-HD
AT5G52020,ERF025,PD,AT2G41225,ORS2,NUE041,AP2/EREBP
AT5G53980,HB52,PD,AT2G41225,ORS2,NUE041,HB
AT5G54680,ILR3,PD,AT2G41225,ORS2,NUE041,BHLH
AT5G54930,AT5G54930,PD,AT2G41225,ORS2,NUE041,
AT5G61420,MYB28,PD,AT2G41225,ORS2,NUE041,MYB
AT5G61590,ERF107,PD,AT2G41225,ORS2,NUE041,AP2/EREBP
AT1G47270,TLP6,PD,AT4G08040,ACS11,NUE043,TUB
AT2G26940,AT2G26940,PD,AT4G08040,ACS11,NUE043,C2H2
AT2G37590,DOF2.4,PD,AT4G08040,ACS11,NUE043,C2C2-DOF
AT3G24050,GATA1,PD,AT4G08040,ACS11,NUE043,C2C2-GATA
AT4G36920,AP2,PD,AT4G08040,ACS11,NUE043,AP2/EREBP
AT1G02340,HFR1,PD,AT3G49700,ACS9,NUE044,BHLH
AT2G31230,ERF15,PD,AT3G49700,ACS9,NUE044,AP2/EREBP
AT1G04880,HMGB15,PD,AT5G65800,ACS5,NUE045,ARID
AT1G12610,DDF1,PD,AT5G65800,ACS5,NUE045,AP2/EREBP
AT1G12630,ERF027,PD,AT5G65800,ACS5,NUE045,AP2/EREBP
AT1G26610,AT1G26610,PD,AT5G65800,ACS5,NUE045,C2H2
AT1G44830,ERF014,PD,AT5G65800,ACS5,NUE045,AP2/EREBP
AT1G47870,E2Fc,PD,AT5G65800,ACS5,NUE045,E2F/DP
AT1G61730,AT1G61730,PD,AT5G65800,ACS5,NUE045,GEBP
AT1G64530,NLP6,PD,AT5G65800,ACS5,NUE045,NIN-LIKE
AT1G68360,AT1G68360,PD,AT5G65800,ACS5,NUE045,C2H2
AT1G76350,NLP5,PD,AT5G65800,ACS5,NUE045,NIN-LIKE
AT2G04880,ZAP1,PD,AT5G65800,ACS5,NUE045,WRKY
AT2G22840,GRF1,PD,AT5G65800,ACS5,NUE045,GRF
AT2G23320,WRKY15,PD,AT5G65800,ACS5,NUE045,WRKY
AT2G44730,AT2G44730,PD,AT5G65800,ACS5,NUE045,TRIHELIX
AT3G19290,ABF4,PD,AT5G65800,ACS5,NUE045,BZIP
AT3G25730,EDF3,PD,AT5G65800,ACS5,NUE045,AP2/EREBP
AT3G54390,AT3G54390,PD,AT5G65800,ACS5,NUE045,TRIHELIX
AT3G55370,OBP3,PD,AT5G65800,ACS5,NUE045,C2C2-DOF
AT4G01120,GBF2,PD,AT5G65800,ACS5,NUE045,BZIP
AT4G23980,ARF9,PD,AT5G65800,ACS5,NUE045,ARF
AT4G24020,NLP7,PD,AT5G65800,ACS5,NUE045,NIN-LIKE
AT4G36730,GBF1,PD,AT5G65800,ACS5,NUE045,BZIP
AT4G37260,MYB73,PD,AT5G65800,ACS5,NUE045,MYB
AT5G05410,DREB2A,PD,AT5G65800,ACS5,NUE045,AP2/EREBP
AT5G06960,OBF5,PD,AT5G65800,ACS5,NUE045,BZIP
AT5G15210,HB30,PD,AT5G65800,ACS5,NUE045,ZF-HD
AT5G52020,ERF025,PD,AT5G65800,ACS5,NUE045,AP2/EREBP
AT5G54680,ILR3,PD,AT5G65800,ACS5,NUE045,BHLH
AT5G61590,ERF107,PD,AT5G65800,ACS5,NUE045,AP2/EREBP
AT1G74080,MYB122,PD,AT2G22810,ACS4,NUE046,MYB
AT1G78600,LZF1,PD,AT2G22810,ACS4,NUE046,C2C2-CO-LIKE
AT2G31230,ERF15,PD,AT2G22810,ACS4,NUE046,AP2/EREBP
AT1G16530,LBD3,PD,AT4G37770,ACS8,NUE047,
AT1G47870,E2Fc,PD,AT4G37770,ACS8,NUE047,E2F/DP
AT1G61730,AT1G61730,PD,AT4G37770,ACS8,NUE047,GEBP
AT2G44730,AT2G44730,PD,AT4G37770,ACS8,NUE047,TRIHELIX
AT4G27410,RD26,PD,AT4G37770,ACS8,NUE047,NAC
AT5G13330,Rap2.6L,PD,AT4G37770,ACS8,NUE047,AP2/EREBP
AT5G52020,ERF025,PD,AT4G37770,ACS8,NUE047,AP2/EREBP
AT5G54680,ILR3,PD,AT4G37770,ACS8,NUE047,BHLH
AT1G04880,HMGB15,PD,AT2G14210,ANR1,NUE048,ARID
AT1G12630,ERF027,PD,AT2G14210,ANR1,NUE048,AP2/EREBP
AT1G21910,DREB26,PD,AT2G14210,ANR1,NUE048,AP2/EREBP
AT1G44830,ERF014,PD,AT2G14210,ANR1,NUE048,AP2/EREBP
AT1G47870,E2Fc,PD,AT2G14210,ANR1,NUE048,E2F/DP
AT1G50640,ERF3,PD,AT2G14210,ANR1,NUE048,AP2/EREBP
AT1G51600,ZML2,PD,AT2G14210,ANR1,NUE048,C2C2-GATA
AT1G54060,ASIL1,PD,AT2G14210,ANR1,NUE048,TRIHELIX
AT1G61730,AT1G61730,PD,AT2G14210,ANR1,NUE048,GEBP
AT1G68360,AT1G68360,PD,AT2G14210,ANR1,NUE048,C2H2
AT1G71130,ERF070,PD,AT2G14210,ANR1,NUE048,AP2/EREBP
AT1G76880,AT1G76880,PD,AT2G14210,ANR1,NUE048,TRIHELIX
AT1G77640,ERF013,PD,AT2G14210,ANR1,NUE048,AP2/EREBP
AT2G22840,GRF1,PD,AT2G14210,ANR1,NUE048,GRF
AT2G23290,MYB70,PD,AT2G14210,ANR1,NUE048,MYB
AT2G23320,WRKY15,PD,AT2G14210,ANR1,NUE048,WRKY
AT2G24570,WRKY17,PD,AT2G14210,ANR1,NUE048,WRKY
AT2G31230,ERF15,PD,AT2G14210,ANR1,NUE048,AP2/EREBP
AT2G35530,BZIP16,PD,AT2G14210,ANR1,NUE048,BZIP
AT2G40950,BZIP17,PD,AT2G14210,ANR1,NUE048,BZIP
AT2G44730,AT2G44730,PD,AT2G14210,ANR1,NUE048,TRIHELIX
AT2G46270,GBF3,PD,AT2G14210,ANR1,NUE048,BZIP
AT3G10500,ANAC053,PD,AT2G14210,ANR1,NUE048,NAC
AT3G19290,ABF4,PD,AT2G14210,ANR1,NUE048,BZIP
AT3G61830,ARF18,PD,AT2G14210,ANR1,NUE048,ARF
AT4G01120,GBF2,PD,AT2G14210,ANR1,NUE048,BZIP
AT4G23980,ARF9,PD,AT2G14210,ANR1,NUE048,ARF
AT4G29080,PAP2,PD,AT2G14210,ANR1,NUE048,AUX/IAA
AT4G31550,WRKY11,PD,AT2G14210,ANR1,NUE048,WRKY
AT4G37260,MYB73,PD,AT2G14210,ANR1,NUE048,MYB
AT5G05410,DREB2A,PD,AT2G14210,ANR1,NUE048,AP2/EREBP
AT5G06960,OBF5,PD,AT2G14210,ANR1,NUE048,BZIP
AT5G13330,Rap2.6L,PD,AT2G14210,ANR1,NUE048,AP2/EREBP
AT5G43700,IAA4,PD,AT2G14210,ANR1,NUE048,AUX/IAA
AT5G44210,ERF9,PD,AT2G14210,ANR1,NUE048,AP2/EREBP
AT5G47220,ERF2,PD,AT2G14210,ANR1,NUE048,AP2/EREBP
AT5G51990,CBF4,PD,AT2G14210,ANR1,NUE048,AP2/EREBP
AT5G52020,ERF025,PD,AT2G14210,ANR1,NUE048,AP2/EREBP
AT5G54680,ILR3,PD,AT2G14210,ANR1,NUE048,BHLH
AT5G61590,ERF107,PD,AT2G14210,ANR1,NUE048,AP2/EREBP
AT5G62610,BHLH79,PD,AT2G14210,ANR1,NUE048,BHLH
AT1G04880,HMGB15,PD,AT5G60910,AGL8,NUE050,ARID
AT1G61730,AT1G61730,PD,AT5G60910,AGL8,NUE050,GEBP
AT1G68360,AT1G68360,PD,AT5G60910,AGL8,NUE050,C2H2
AT1G76880,AT1G76880,PD,AT5G60910,AGL8,NUE050,TRIHELIX
AT2G44730,AT2G44730,PD,AT5G60910,AGL8,NUE050,TRIHELIX
AT4G23980,ARF9,PD,AT5G60910,AGL8,NUE050,ARF
AT5G06960,OBF5,PD,AT5G60910,AGL8,NUE050,BZIP
AT1G04880,HMGB15,PD,AT2G04240,XERICO,NUE058,ARID
AT1G12610,DDF1,PD,AT2G04240,XERICO,NUE058,AP2/EREBP
AT1G12630,ERF027,PD,AT2G04240,XERICO,NUE058,AP2/EREBP
AT1G47870,E2Fc,PD,AT2G04240,XERICO,NUE058,E2F/DP
AT1G61730,AT1G61730,PD,AT2G04240,XERICO,NUE058,GEBP
AT1G68360,AT1G68360,PD,AT2G04240,XERICO,NUE058,C2H2
AT1G68840,RAV2,PD,AT2G04240,XERICO,NUE058,AP2/EREBP
AT1G68920,BHLH49,PD,AT2G04240,XERICO,NUE058,BHLH
AT1G69310,WRKY57,PD,AT2G04240,XERICO,NUE058,WRKY
AT2G26940,AT2G26940,PD,AT2G04240,XERICO,NUE058,C2H2
AT2G31230,ERF15,PD,AT2G04240,XERICO,NUE058,AP2/EREBP
AT2G40740,WRKY55,PD,AT2G04240,XERICO,NUE058,WRKY
AT2G44730,AT2G44730,PD,AT2G04240,XERICO,NUE058,TRIHELIX
AT2G44940,ERF034,PD,AT2G04240,XERICO,NUE058,AP2/EREBP
AT3G19290,ABF4,PD,AT2G04240,XERICO,NUE058,BZIP
AT3G25730,EDF3,PD,AT2G04240,XERICO,NUE058,AP2/EREBP
AT3G54390,AT3G54390,PD,AT2G04240,XERICO,NUE058,TRIHELIX
AT3G60490,ERF035,PD,AT2G04240,XERICO,NUE058,AP2/EREBP
AT3G61830,ARF18,PD,AT2G04240,XERICO,NUE058,ARF
AT4G16750,ERF039,PD,AT2G04240,XERICO,NUE058,AP2/EREBP
AT4G23980,ARF9,PD,AT2G04240,XERICO,NUE058,ARF
AT4G25470,CBF2,PD,AT2G04240,XERICO,NUE058,AP2/EREBP
AT4G36730,GBF1,PD,AT2G04240,XERICO,NUE058,BZIP
AT5G05410,DREB2A,PD,AT2G04240,XERICO,NUE058,AP2/EREBP
AT5G25810,TNY,PD,AT2G04240,XERICO,NUE058,AP2/EREBP
AT5G51990,CBF4,PD,AT2G04240,XERICO,NUE058,AP2/EREBP
AT5G52020,ERF025,PD,AT2G04240,XERICO,NUE058,AP2/EREBP
AT1G04880,HMGB15,PD,AT1G02860,NLA,NUE060,ARID
AT1G07520,AT1G07520,PD,AT1G02860,NLA,NUE060,GRAS
AT1G12610,DDF1,PD,AT1G02860,NLA,NUE060,AP2/EREBP
AT1G13260,RAV1,PD,AT1G02860,NLA,NUE060,AP2/EREBP
AT1G47870,E2Fc,PD,AT1G02860,NLA,NUE060,E2F/DP
AT1G61730,AT1G61730,PD,AT1G02860,NLA,NUE060,GEBP
AT1G68360,AT1G68360,PD,AT1G02860,NLA,NUE060,C2H2
AT1G68840,RAV2,PD,AT1G02860,NLA,NUE060,AP2/EREBP
AT1G68920,BHLH49,PD,AT1G02860,NLA,NUE060,BHLH
AT1G71130,ERF070,PD,AT1G02860,NLA,NUE060,AP2/EREBP
AT2G23290,MYB70,PD,AT1G02860,NLA,NUE060,MYB
AT2G44730,AT2G44730,PD,AT1G02860,NLA,NUE060,TRIHELIX
AT3G19290,ABF4,PD,AT1G02860,NLA,NUE060,BZIP
AT3G25730,EDF3,PD,AT1G02860,NLA,NUE060,AP2/EREBP
AT3G54390,AT3G54390,PD,AT1G02860,NLA,NUE060,TRIHELIX
AT3G55370,OBP3,PD,AT1G02860,NLA,NUE060,C2C2-DOF
AT3G60580,ZAT9,PD,AT1G02860,NLA,NUE060,C2H2
AT3G61830,ARF18,PD,AT1G02860,NLA,NUE060,ARF
AT4G23980,ARF9,PD,AT1G02860,NLA,NUE060,ARF
AT4G24020,NLP7,PD,AT1G02860,NLA,NUE060,NIN-LIKE
AT4G36730,GBF1,PD,AT1G02860,NLA,NUE060,BZIP
AT5G05410,DREB2A,PD,AT1G02860,NLA,NUE060,AP2/EREBP
AT5G06960,OBF5,PD,AT1G02860,NLA,NUE060,BZIP
AT5G13330,Rap2.6L,PD,AT1G02860,NLA,NUE060,AP2/EREBP
AT5G52020,ERF025,PD,AT1G02860,NLA,NUE060,AP2/EREBP
AT5G54680,ILR3,PD,AT1G02860,NLA,NUE060,BHLH
AT5G54930,AT5G54930,PD,AT1G02860,NLA,NUE060,
AT5G61590,ERF107,PD,AT1G02860,NLA,NUE060,AP2/EREBP
AT1G04880,HMGB15,PD,AT5G26340,MSS1,NUE061,ARID
AT1G17950,MYB52,PD,AT5G26340,MSS1,NUE061,MYB
AT1G19220,ARF19,PD,AT5G26340,MSS1,NUE061,ARF
AT1G68360,AT1G68360,PD,AT5G26340,MSS1,NUE061,C2H2
AT1G73870,BBX16,PD,AT5G26340,MSS1,NUE061,C2C2-CO-LIKE
AT2G31230,ERF15,PD,AT5G26340,MSS1,NUE061,AP2/EREBP
AT3G10500,ANAC053,PD,AT5G26340,MSS1,NUE061,NAC
AT3G55730,MYB109,PD,AT5G26340,MSS1,NUE061,MYB
AT5G17800,MYB56,PD,AT5G26340,MSS1,NUE061,MYB
AT1G16530,LBD3,PD,AT1G78240,TSD2,NUE062,
AT1G22810,ERF019,PD,AT1G78240,TSD2,NUE062,AP2/EREBP
AT3G24050,GATA1,PD,AT1G78240,TSD2,NUE062,C2C2-GATA
AT3G42790,AL3,PD,AT1G78240,TSD2,NUE062,ALFIN-LIKE
AT3G54810,GATA8,PD,AT1G78240,TSD2,NUE062,C2C2-GATA
AT3G60530,GATA4,PD,AT1G78240,TSD2,NUE062,C2C2-GATA
AT4G32890,GATA9,PD,AT1G78240,TSD2,NUE062,C2C2-GATA
AT5G25830,GATA12,PD,AT1G78240,TSD2,NUE062,C2C2-GATA
AT5G43700,IAA4,PD,AT1G78240,TSD2,NUE062,AUX/IAA
AT1G04880,HMGB15,PD,AT4G24020,NLP7,NUE063,ARID
AT1G14580,AT1G14580,PD,AT4G24020,NLP7,NUE063,C2H2
AT1G16530,LBD3,PD,AT4G24020,NLP7,NUE063,
AT1G21910,DREB26,PD,AT4G24020,NLP7,NUE063,AP2/EREBP
AT1G61730,AT1G61730,PD,AT4G24020,NLP7,NUE063,GEBP
AT1G68360,AT1G68360,PD,AT4G24020,NLP7,NUE063,C2H2
AT1G77450,ANAC032,PD,AT4G24020,NLP7,NUE063,NAC
AT2G02540,HB21,PD,AT4G24020,NLP7,NUE063,ZF-HD
AT2G44730,AT2G44730,PD,AT4G24020,NLP7,NUE063,TRIHELIX
AT3G28920,HB34,PD,AT4G24020,NLP7,NUE063,ZF-HD
AT5G39760,HB23,PD,AT4G24020,NLP7,NUE063,ZF-HD
AT5G54680,ILR3,PD,AT4G24020,NLP7,NUE063,BHLH
AT5G54930,AT5G54930,PD,AT4G24020,NLP7,NUE063,
AT5G60850,OBP4,PD,AT4G24020,NLP7,NUE063,C2C2-DOF
AT5G63790,ANAC102,PD,AT4G24020,NLP7,NUE063,NAC
AT1G04880,HMGB15,PD,AT4G24400,CIPK8,NUE064,ARID
AT1G12610,DDF1,PD,AT4G24400,CIPK8,NUE064,AP2/EREBP
AT1G12630,ERF027,PD,AT4G24400,CIPK8,NUE064,AP2/EREBP
AT1G20700,WOX14,PD,AT4G24400,CIPK8,NUE064,HB
AT1G21910,DREB26,PD,AT4G24400,CIPK8,NUE064,AP2/EREBP
AT1G22640,MYB3,PD,AT4G24400,CIPK8,NUE064,MYB
AT1G31320,LBD4,PD,AT4G24400,CIPK8,NUE064,
AT1G47870,E2Fc,PD,AT4G24400,CIPK8,NUE064,E2F/DP
AT1G50640,ERF3,PD,AT4G24400,CIPK8,NUE064,AP2/EREBP
AT1G54060,ASIL1,PD,AT4G24400,CIPK8,NUE064,TRIHELIX
AT1G61730,AT1G61730,PD,AT4G24400,CIPK8,NUE064,GEBP
AT1G68360,AT1G68360,PD,AT4G24400,CIPK8,NUE064,C2H2
AT1G71130,ERF070,PD,AT4G24400,CIPK8,NUE064,AP2/EREBP
AT1G75240,HB33,PD,AT4G24400,CIPK8,NUE064,ZF-HD
AT1G76510,ARID5,PD,AT4G24400,CIPK8,NUE064,ARID
AT1G76880,AT1G76880,PD,AT4G24400,CIPK8,NUE064,TRIHELIX
AT2G02540,HB21,PD,AT4G24400,CIPK8,NUE064,ZF-HD
AT2G20880,ERF053,PD,AT4G24400,CIPK8,NUE064,AP2/EREBP
AT2G22840,GRF1,PD,AT4G24400,CIPK8,NUE064,GRF
AT2G23290,MYB70,PD,AT4G24400,CIPK8,NUE064,MYB
AT2G44730,AT2G44730,PD,AT4G24400,CIPK8,NUE064,TRIHELIX
AT3G19290,ABF4,PD,AT4G24400,CIPK8,NUE064,BZIP
AT3G28920,HB34,PD,AT4G24400,CIPK8,NUE064,ZF-HD
AT3G42790,AL3,PD,AT4G24400,CIPK8,NUE064,ALFIN-LIKE
AT3G61830,ARF18,PD,AT4G24400,CIPK8,NUE064,ARF
AT4G01120,GBF2,PD,AT4G24400,CIPK8,NUE064,BZIP
AT4G14770,TCX2,PD,AT4G24400,CIPK8,NUE064,CPP
AT4G23980,ARF9,PD,AT4G24400,CIPK8,NUE064,ARF
AT4G24020,NLP7,PD,AT4G24400,CIPK8,NUE064,NIN-LIKE
AT4G35550,HB4,PD,AT4G24400,CIPK8,NUE064,HB
AT4G37260,MYB73,PD,AT4G24400,CIPK8,NUE064,MYB
AT5G05410,DREB2A,PD,AT4G24400,CIPK8,NUE064,AP2/EREBP
AT5G06960,OBF5,PD,AT4G24400,CIPK8,NUE064,BZIP
AT5G13330,Rap2.6L,PD,AT4G24400,CIPK8,NUE064,AP2/EREBP
AT5G15210,HB30,PD,AT4G24400,CIPK8,NUE064,ZF-HD
AT5G39760,HB23,PD,AT4G24400,CIPK8,NUE064,ZF-HD
AT5G44210,ERF9,PD,AT4G24400,CIPK8,NUE064,AP2/EREBP
AT5G52020,ERF025,PD,AT4G24400,CIPK8,NUE064,AP2/EREBP
AT5G54680,ILR3,PD,AT4G24400,CIPK8,NUE064,BHLH
AT5G61590,ERF107,PD,AT4G24400,CIPK8,NUE064,AP2/EREBP
AT5G63790,ANAC102,PD,AT4G24400,CIPK8,NUE064,NAC
AT2G02540,HB21,PD,AT1G30270,CIPK23,NUE065,ZF-HD
AT3G24050,GATA1,PD,AT1G30270,CIPK23,NUE065,C2C2-GATA
AT3G42790,AL3,PD,AT1G30270,CIPK23,NUE065,ALFIN-LIKE
AT5G23090,NF-YB13,PD,AT1G30270,CIPK23,NUE065,CCAAT-DR1
AT1G12610,DDF1,PD,AT3G45650,NPF2.7,NUE066,AP2/EREBP
AT1G13960,WRKY4,PD,AT3G45650,NPF2.7,NUE066,WRKY
AT1G16530,LBD3,PD,AT3G45650,NPF2.7,NUE066,
AT1G21910,DREB26,PD,AT3G45650,NPF2.7,NUE066,AP2/EREBP
AT1G34310,ARF12,PD,AT3G45650,NPF2.7,NUE066,ARF
AT1G47870,E2Fc,PD,AT3G45650,NPF2.7,NUE066,E2F/DP
AT1G61730,AT1G61730,PD,AT3G45650,NPF2.7,NUE066,GEBP
AT1G68840,RAV2,PD,AT3G45650,NPF2.7,NUE066,AP2/EREBP
AT1G68920,BHLH49,PD,AT3G45650,NPF2.7,NUE066,BHLH
AT2G22840,GRF1,PD,AT3G45650,NPF2.7,NUE066,GRF
AT2G23320,WRKY15,PD,AT3G45650,NPF2.7,NUE066,WRKY
AT2G24570,WRKY17,PD,AT3G45650,NPF2.7,NUE066,WRKY
AT2G31230,ERF15,PD,AT3G45650,NPF2.7,NUE066,AP2/EREBP
AT2G44730,AT2G44730,PD,AT3G45650,NPF2.7,NUE066,TRIHELIX
AT2G46530,ARF11,PD,AT3G45650,NPF2.7,NUE066,ARF
AT3G19290,ABF4,PD,AT3G45650,NPF2.7,NUE066,BZIP
AT3G25730,EDF3,PD,AT3G45650,NPF2.7,NUE066,AP2/EREBP
AT3G54390,AT3G54390,PD,AT3G45650,NPF2.7,NUE066,TRIHELIX
AT3G55370,OBP3,PD,AT3G45650,NPF2.7,NUE066,C2C2-DOF
AT3G61830,ARF18,PD,AT3G45650,NPF2.7,NUE066,ARF
AT4G01120,GBF2,PD,AT3G45650,NPF2.7,NUE066,BZIP
AT4G23980,ARF9,PD,AT3G45650,NPF2.7,NUE066,ARF
AT4G24020,NLP7,PD,AT3G45650,NPF2.7,NUE066,NIN-LIKE
AT4G25210,AT4G25210,PD,AT3G45650,NPF2.7,NUE066,GEBP
AT4G36730,GBF1,PD,AT3G45650,NPF2.7,NUE066,BZIP
AT5G05410,DREB2A,PD,AT3G45650,NPF2.7,NUE066,AP2/EREBP
AT5G13080,WRKY75,PD,AT3G45650,NPF2.7,NUE066,WRKY
AT5G13330,Rap2.6L,PD,AT3G45650,NPF2.7,NUE066,AP2/EREBP
AT5G44210,ERF9,PD,AT3G45650,NPF2.7,NUE066,AP2/EREBP
AT5G52020,ERF025,PD,AT3G45650,NPF2.7,NUE066,AP2/EREBP
AT5G53980,HB52,PD,AT3G45650,NPF2.7,NUE066,HB
AT5G61590,ERF107,PD,AT3G45650,NPF2.7,NUE066,AP2/EREBP
AT1G16530,LBD3,PD,AT5G40890,CLCA,NUE067,
AT1G04880,HMGB15,PD,AT5G45380,DUR3,NUE068,ARID
AT1G16530,LBD3,PD,AT5G45380,DUR3,NUE068,
AT1G20700,WOX14,PD,AT5G45380,DUR3,NUE068,HB
AT1G47870,E2Fc,PD,AT5G45380,DUR3,NUE068,E2F/DP
AT1G61730,AT1G61730,PD,AT5G45380,DUR3,NUE068,GEBP
AT2G44730,AT2G44730,PD,AT5G45380,DUR3,NUE068,TRIHELIX
AT3G17100,AT3G17100,PD,AT5G45380,DUR3,NUE068,BHLH
AT3G24120,AT3G24120,PD,AT5G45380,DUR3,NUE068,G2-LIKE
AT4G23980,ARF9,PD,AT5G45380,DUR3,NUE068,ARF
AT4G28500,ANAC073,PD,AT5G45380,DUR3,NUE068,NAC
AT1G02340,HFR1,PD,AT5G67420,LBD37,NUE071,BHLH
AT1G04880,HMGB15,PD,AT5G67420,LBD37,NUE071,ARID
AT1G12610,DDF1,PD,AT5G67420,LBD37,NUE071,AP2/EREBP
AT1G51600,ZML2,PD,AT5G67420,LBD37,NUE071,C2C2-GATA
AT1G61730,AT1G61730,PD,AT5G67420,LBD37,NUE071,GEBP
AT1G68360,AT1G68360,PD,AT5G67420,LBD37,NUE071,C2H2
AT2G44730,AT2G44730,PD,AT5G67420,LBD37,NUE071,TRIHELIX
AT3G11580,AT3G11580,PD,AT5G67420,LBD37,NUE071,ABI3/VP1
AT4G29080,PAP2,PD,AT5G67420,LBD37,NUE071,AUX/IAA
AT3G42790,AL3,PD,AT3G49940,LBD38,NUE072,ALFIN-LIKE
AT3G42790,AL3,PD,AT4G37540,LBD39,NUE073,ALFIN-LIKE
AT1G01720,ATAF1,PD,AT5G60410,SIZ1,NUE074,NAC
AT1G06070,AT1G06070,PD,AT5G60410,SIZ1,NUE074,BZIP
AT1G12610,DDF1,PD,AT5G60410,SIZ1,NUE074,AP2/EREBP
AT1G12630,ERF027,PD,AT5G60410,SIZ1,NUE074,AP2/EREBP
AT1G17520,AT1G17520,PD,AT5G60410,SIZ1,NUE074,MYB
AT1G17950,MYB52,PD,AT5G60410,SIZ1,NUE074,MYB
AT1G21910,DREB26,PD,AT5G60410,SIZ1,NUE074,AP2/EREBP
AT1G34310,ARF12,PD,AT5G60410,SIZ1,NUE074,ARF
AT1G47870,E2Fc,PD,AT5G60410,SIZ1,NUE074,E2F/DP
AT1G50640,ERF3,PD,AT5G60410,SIZ1,NUE074,AP2/EREBP
AT1G54060,ASIL1,PD,AT5G60410,SIZ1,NUE074,TRIHELIX
AT1G61730,AT1G61730,PD,AT5G60410,SIZ1,NUE074,GEBP
AT1G71130,ERF070,PD,AT5G60410,SIZ1,NUE074,AP2/EREBP
AT2G23290,MYB70,PD,AT5G60410,SIZ1,NUE074,MYB
AT2G31230,ERF15,PD,AT5G60410,SIZ1,NUE074,AP2/EREBP
AT2G44730,AT2G44730,PD,AT5G60410,SIZ1,NUE074,TRIHELIX
AT3G15210,ERF4,PD,AT5G60410,SIZ1,NUE074,AP2/EREBP
AT3G19290,ABF4,PD,AT5G60410,SIZ1,NUE074,BZIP
AT3G53340,NF-YB10,PD,AT5G60410,SIZ1,NUE074,CCAAT-HAP3
AT3G61830,ARF18,PD,AT5G60410,SIZ1,NUE074,ARF
AT4G14560,IAA1,PD,AT5G60410,SIZ1,NUE074,AUX/IAA
AT4G23980,ARF9,PD,AT5G60410,SIZ1,NUE074,ARF
AT4G25210,AT4G25210,PD,AT5G60410,SIZ1,NUE074,GEBP
AT4G37260,MYB73,PD,AT5G60410,SIZ1,NUE074,MYB
AT5G05410,DREB2A,PD,AT5G60410,SIZ1,NUE074,AP2/EREBP
AT5G06960,OBF5,PD,AT5G60410,SIZ1,NUE074,BZIP
AT5G13330,Rap2.6L,PD,AT5G60410,SIZ1,NUE074,AP2/EREBP
AT5G17800,MYB56,PD,AT5G60410,SIZ1,NUE074,MYB
AT5G44210,ERF9,PD,AT5G60410,SIZ1,NUE074,AP2/EREBP
AT5G54680,ILR3,PD,AT5G60410,SIZ1,NUE074,BHLH
AT5G61590,ERF107,PD,AT5G60410,SIZ1,NUE074,AP2/EREBP
AT2G31230,ERF15,PD,AT2G26070,RTE1,NUE075,AP2/EREBP
AT1G04880,HMGB15,PD,AT5G41410,BEL1,NUE076,ARID
AT1G10120,AT1G10120,PD,AT5G41410,BEL1,NUE076,BHLH
AT1G12610,DDF1,PD,AT5G41410,BEL1,NUE076,AP2/EREBP
AT1G13960,WRKY4,PD,AT5G41410,BEL1,NUE076,WRKY
AT1G16530,LBD3,PD,AT5G41410,BEL1,NUE076,
AT1G22190,AT1G22190,PD,AT5G41410,BEL1,NUE076,AP2/EREBP
AT1G28470,ANAC010,PD,AT5G41410,BEL1,NUE076,NAC
AT1G47870,E2Fc,PD,AT5G41410,BEL1,NUE076,E2F/DP
AT1G61730,AT1G61730,PD,AT5G41410,BEL1,NUE076,GEBP
AT1G68360,AT1G68360,PD,AT5G41410,BEL1,NUE076,C2H2
AT1G68640,PAN,PD,AT5G41410,BEL1,NUE076,BZIP
AT1G69490,NAP,PD,AT5G41410,BEL1,NUE076,NAC
AT1G73730,EIL3,PD,AT5G41410,BEL1,NUE076,EIL
AT1G77450,ANAC032,PD,AT5G41410,BEL1,NUE076,NAC
AT2G22840,GRF1,PD,AT5G41410,BEL1,NUE076,GRF
AT2G23290,MYB70,PD,AT5G41410,BEL1,NUE076,MYB
AT2G26940,AT2G26940,PD,AT5G41410,BEL1,NUE076,C2H2
AT2G44730,AT2G44730,PD,AT5G41410,BEL1,NUE076,TRIHELIX
AT3G04070,ANAC047,PD,AT5G41410,BEL1,NUE076,NAC
AT3G07650,COL9,PD,AT5G41410,BEL1,NUE076,C2C2-CO-LIKE
AT3G16770,RAP2.3,PD,AT5G41410,BEL1,NUE076,AP2/EREBP
AT3G19290,ABF4,PD,AT5G41410,BEL1,NUE076,BZIP
AT3G61830,ARF18,PD,AT5G41410,BEL1,NUE076,ARF
AT4G01120,GBF2,PD,AT5G41410,BEL1,NUE076,BZIP
AT4G23980,ARF9,PD,AT5G41410,BEL1,NUE076,ARF
AT4G28140,AT4G28140,PD,AT5G41410,BEL1,NUE076,AP2/EREBP
AT5G05410,DREB2A,PD,AT5G41410,BEL1,NUE076,AP2/EREBP
AT5G06960,OBF5,PD,AT5G41410,BEL1,NUE076,BZIP
AT5G52020,ERF025,PD,AT5G41410,BEL1,NUE076,AP2/EREBP
AT5G54680,ILR3,PD,AT5G41410,BEL1,NUE076,BHLH
AT5G54930,AT5G54930,PD,AT5G41410,BEL1,NUE076,
AT5G60850,OBP4,PD,AT5G41410,BEL1,NUE076,C2C2-DOF
AT5G61590,ERF107,PD,AT5G41410,BEL1,NUE076,AP2/EREBP
AT5G63790,ANAC102,PD,AT5G41410,BEL1,NUE076,NAC
AT5G67190,DEAR2,PD,AT5G41410,BEL1,NUE076,AP2/EREBP
AT1G16530,LBD3,PD,AT5G18270,ANAC087,NUE077,
AT3G42790,AL3,PD,AT5G18270,ANAC087,NUE077,ALFIN-LIKE
AT4G39070,BBX20,PD,AT5G18270,ANAC087,NUE077,C2C2-CO-LIKE
AT5G54470,BBX29,PD,AT5G18270,ANAC087,NUE077,C2C2-CO-LIKE
AT1G12610,DDF1,PD,AT5G23660,SWEET12,NUE079,AP2/EREBP
AT1G20910,ARID6,PD,AT5G23660,SWEET12,NUE079,ARID
AT1G47870,E2Fc,PD,AT5G23660,SWEET12,NUE079,E2F/DP
AT1G61730,AT1G61730,PD,AT5G23660,SWEET12,NUE079,GEBP
AT1G76880,AT1G76880,PD,AT5G23660,SWEET12,NUE079,TRIHELIX
AT2G44730,AT2G44730,PD,AT5G23660,SWEET12,NUE079,TRIHELIX
AT4G23980,ARF9,PD,AT5G23660,SWEET12,NUE079,ARF
AT5G52020,ERF025,PD,AT5G23660,SWEET12,NUE079,AP2/EREBP
AT5G54680,ILR3,PD,AT5G23660,SWEET12,NUE079,BHLH
AT1G16530,LBD3,PD,AT1G25540,PFT1,NUE080,
AT1G31320,LBD4,PD,AT1G25540,PFT1,NUE080,
AT3G50410,OBP1,PD,AT1G25540,PFT1,NUE080,C2C2-DOF
AT1G78600,LZF1,PD,AT3G48450,AT3G48450,NUE082,C2C2-CO-LIKE
AT2G31230,ERF15,PD,AT3G48450,AT3G48450,NUE082,AP2/EREBP
AT2G46510,JAM1,PD,AT3G48450,AT3G48450,NUE082,BHLH
AT5G43700,IAA4,PD,AT3G48450,AT3G48450,NUE082,AUX/IAA
AT1G03840,MGP,PD,AT1G77450,ANAC032,NUE083,C2H2
AT1G14580,AT1G14580,PD,AT1G77450,ANAC032,NUE083,C2H2
AT1G16530,LBD3,PD,AT1G77450,ANAC032,NUE083,
AT1G21910,DREB26,PD,AT1G77450,ANAC032,NUE083,AP2/EREBP
AT1G61730,AT1G61730,PD,AT1G77450,ANAC032,NUE083,GEBP
AT1G76510,ARID5,PD,AT1G77450,ANAC032,NUE083,ARID
AT2G22900,GT7,PD,AT1G77450,ANAC032,NUE083,CAMTA
AT2G31230,ERF15,PD,AT1G77450,ANAC032,NUE083,AP2/EREBP
AT2G35530,BZIP16,PD,AT1G77450,ANAC032,NUE083,BZIP
AT2G44730,AT2G44730,PD,AT1G77450,ANAC032,NUE083,TRIHELIX
AT3G19290,ABF4,PD,AT1G77450,ANAC032,NUE083,BZIP
AT3G25730,EDF3,PD,AT1G77450,ANAC032,NUE083,AP2/EREBP
AT3G61830,ARF18,PD,AT1G77450,ANAC032,NUE083,ARF
AT4G23980,ARF9,PD,AT1G77450,ANAC032,NUE083,ARF
AT4G36730,GBF1,PD,AT1G77450,ANAC032,NUE083,BZIP
AT4G37260,MYB73,PD,AT1G77450,ANAC032,NUE083,MYB
AT5G06960,OBF5,PD,AT1G77450,ANAC032,NUE083,BZIP
AT5G44080,BZIP13,PD,AT1G77450,ANAC032,NUE083,BZIP
AT5G44160,NUC,PD,AT1G77450,ANAC032,NUE083,C2H2
AT5G54680,ILR3,PD,AT1G77450,ANAC032,NUE083,BHLH
AT5G62610,BHLH79,PD,AT1G77450,ANAC032,NUE083,BHLH
AT1G16530,LBD3,PD,AT1G73870,BBX16,NUE084,
AT1G79180,MYB63,PD,AT1G73870,BBX16,NUE084,MYB
AT2G22430,HB6,PD,AT1G73870,BBX16,NUE084,HB
AT4G40060,HB16,PD,AT1G73870,BBX16,NUE084,HB
AT5G07690,MYB29,PD,AT1G73870,BBX16,NUE084,MYB
AT5G07700,MYB76,PD,AT1G73870,BBX16,NUE084,MYB
AT5G22570,WRKY38,PD,AT1G73870,BBX16,NUE084,WRKY
AT5G23090,NF-YB13,PD,AT1G73870,BBX16,NUE084,CCAAT-DR1
AT1G04880,HMGB15,PD,AT1G22710,SUC2,NUE091,ARID
AT1G09540,MYB61,PD,AT1G22710,SUC2,NUE091,MYB
AT1G12610,DDF1,PD,AT1G22710,SUC2,NUE091,AP2/EREBP
AT1G12630,ERF027,PD,AT1G22710,SUC2,NUE091,AP2/EREBP
AT1G16490,MYB58,PD,AT1G22710,SUC2,NUE091,MYB
AT1G16530,LBD3,PD,AT1G22710,SUC2,NUE091,
AT1G21910,DREB26,PD,AT1G22710,SUC2,NUE091,AP2/EREBP
AT1G34670,MYB93,PD,AT1G22710,SUC2,NUE091,MYB
AT1G47870,E2Fc,PD,AT1G22710,SUC2,NUE091,E2F/DP
AT1G61730,AT1G61730,PD,AT1G22710,SUC2,NUE091,GEBP
AT1G63910,MYB103,PD,AT1G22710,SUC2,NUE091,MYB
AT1G66230,MYB20,PD,AT1G22710,SUC2,NUE091,MYB
AT1G68360,AT1G68360,PD,AT1G22710,SUC2,NUE091,C2H2
AT1G76880,AT1G76880,PD,AT1G22710,SUC2,NUE091,TRIHELIX
AT1G79180,MYB63,PD,AT1G22710,SUC2,NUE091,MYB
AT2G26940,AT2G26940,PD,AT1G22710,SUC2,NUE091,C2H2
AT2G44730,AT2G44730,PD,AT1G22710,SUC2,NUE091,TRIHELIX
AT3G08500,MYB83,PD,AT1G22710,SUC2,NUE091,MYB
AT3G53340,NF-YB10,PD,AT1G22710,SUC2,NUE091,CCAAT-HAP3
AT4G01680,MYB55,PD,AT1G22710,SUC2,NUE091,MYB
AT4G23980,ARF9,PD,AT1G22710,SUC2,NUE091,ARF
AT4G37260,MYB73,PD,AT1G22710,SUC2,NUE091,MYB
AT5G05410,DREB2A,PD,AT1G22710,SUC2,NUE091,AP2/EREBP
AT5G10280,MYB92,PD,AT1G22710,SUC2,NUE091,MYB
AT5G16770,MYB9,PD,AT1G22710,SUC2,NUE091,MYB
AT5G26660,MYB86,PD,AT1G22710,SUC2,NUE091,MYB
AT5G54930,AT5G54930,PD,AT1G22710,SUC2,NUE091,
AT5G61590,ERF107,PD,AT1G22710,SUC2,NUE091,AP2/EREBP
AT1G06070,AT1G06070,PD,AT3G15020,MMDH2,NUE097,BZIP
AT1G12610,DDF1,PD,AT3G15020,MMDH2,NUE097,AP2/EREBP
AT1G16530,LBD3,PD,AT3G15020,MMDH2,NUE097,
AT1G20700,WOX14,PD,AT3G15020,MMDH2,NUE097,HB
AT1G21910,DREB26,PD,AT3G15020,MMDH2,NUE097,AP2/EREBP
AT1G34310,ARF12,PD,AT3G15020,MMDH2,NUE097,ARF
AT1G47870,E2Fc,PD,AT3G15020,MMDH2,NUE097,E2F/DP
AT1G61730,AT1G61730,PD,AT3G15020,MMDH2,NUE097,GEBP
AT1G68920,BHLH49,PD,AT3G15020,MMDH2,NUE097,BHLH
AT1G73730,EIL3,PD,AT3G15020,MMDH2,NUE097,EIL
AT2G02540,HB21,PD,AT3G15020,MMDH2,NUE097,ZF-HD
AT2G26940,AT2G26940,PD,AT3G15020,MMDH2,NUE097,C2H2
AT2G44730,AT2G44730,PD,AT3G15020,MMDH2,NUE097,TRIHELIX
AT3G25730,EDF3,PD,AT3G15020,MMDH2,NUE097,AP2/EREBP
AT3G28920,HB34,PD,AT3G15020,MMDH2,NUE097,ZF-HD
AT3G47620,TCP14,PD,AT3G15020,MMDH2,NUE097,TCP
AT3G53340,NF-YB10,PD,AT3G15020,MMDH2,NUE097,CCAAT-HAP3
AT3G54390,AT3G54390,PD,AT3G15020,MMDH2,NUE097,TRIHELIX
AT3G61830,ARF18,PD,AT3G15020,MMDH2,NUE097,ARF
AT4G01120,GBF2,PD,AT3G15020,MMDH2,NUE097,BZIP
AT4G23980,ARF9,PD,AT3G15020,MMDH2,NUE097,ARF
AT4G25210,AT4G25210,PD,AT3G15020,MMDH2,NUE097,GEBP
AT4G36730,GBF1,PD,AT3G15020,MMDH2,NUE097,BZIP
AT4G37260,MYB73,PD,AT3G15020,MMDH2,NUE097,MYB
AT5G10510,AIL6,PD,AT3G15020,MMDH2,NUE097,AP2/EREBP
AT5G15210,HB30,PD,AT3G15020,MMDH2,NUE097,ZF-HD
AT5G39760,HB23,PD,AT3G15020,MMDH2,NUE097,ZF-HD
AT5G44160,NUC,PD,AT3G15020,MMDH2,NUE097,C2H2
AT5G54680,ILR3,PD,AT3G15020,MMDH2,NUE097,BHLH
AT1G16530,LBD3,PD,AT5G11260,HY5,NUE101,
AT1G04880,HMGB15,PD,AT1G53660,AT1G53660,NUE104,ARID
AT1G13960,WRKY4,PD,AT1G53660,AT1G53660,NUE104,WRKY
AT1G16530,LBD3,PD,AT1G53660,AT1G53660,NUE104,
AT1G61730,AT1G61730,PD,AT1G53660,AT1G53660,NUE104,GEBP
AT1G68360,AT1G68360,PD,AT1G53660,AT1G53660,NUE104,C2H2
AT2G44730,AT2G44730,PD,AT1G53660,AT1G53660,NUE104,TRIHELIX
AT4G23980,ARF9,PD,AT1G53660,AT1G53660,NUE104,ARF
AT5G15210,HB30,PD,AT1G53660,AT1G53660,NUE104,ZF-HD
AT1G05380,AT1G05380,PD,AT2G46830,CCA1,NUE111,PHD
AT1G12610,DDF1,PD,AT2G46830,CCA1,NUE111,AP2/EREBP
AT1G47870,E2Fc,PD,AT2G46830,CCA1,NUE111,E2F/DP
AT1G61730,AT1G61730,PD,AT2G46830,CCA1,NUE111,GEBP
AT1G78600,LZF1,PD,AT2G46830,CCA1,NUE111,C2C2-CO-LIKE
AT2G22850,BZIP6,PD,AT2G46830,CCA1,NUE111,BZIP
AT2G44730,AT2G44730,PD,AT2G46830,CCA1,NUE111,TRIHELIX
AT3G19290,ABF4,PD,AT2G46830,CCA1,NUE111,BZIP
AT3G24050,GATA1,PD,AT2G46830,CCA1,NUE111,C2C2-GATA
AT3G61830,ARF18,PD,AT2G46830,CCA1,NUE111,ARF
AT4G23980,ARF9,PD,AT2G46830,CCA1,NUE111,ARF
AT4G32890,GATA9,PD,AT2G46830,CCA1,NUE111,C2C2-GATA
AT5G05410,DREB2A,PD,AT2G46830,CCA1,NUE111,AP2/EREBP
AT5G07690,MYB29,PD,AT2G46830,CCA1,NUE111,MYB
AT5G07700,MYB76,PD,AT2G46830,CCA1,NUE111,MYB
AT5G15210,HB30,PD,AT2G46830,CCA1,NUE111,ZF-HD
AT5G22570,WRKY38,PD,AT2G46830,CCA1,NUE111,WRKY
AT5G25830,GATA12,PD,AT2G46830,CCA1,NUE111,C2C2-GATA
AT5G54680,ILR3,PD,AT2G46830,CCA1,NUE111,BHLH
AT1G16530,LBD3,PD,AT3G17820,GLN1;3,NUE112,
AT2G31230,ERF15,PD,AT3G17820,GLN1;3,NUE112,AP2/EREBP
AT4G17490,ERF6,PD,AT3G17820,GLN1;3,NUE112,AP2/EREBP
AT5G47220,ERF2,PD,AT3G17820,GLN1;3,NUE112,AP2/EREBP
AT5G61590,ERF107,PD,AT3G17820,GLN1;3,NUE112,AP2/EREBP
AT1G16530,LBD3,PD,AT5G18170,GDH1,NUE113,
AT1G24625,ZFP7,PD,AT5G18170,GDH1,NUE113,C2H2
AT1G26610,AT1G26610,PD,AT5G18170,GDH1,NUE113,C2H2
AT5G52020,ERF025,PD,AT5G18170,GDH1,NUE113,AP2/EREBP
AT1G12860,SCRM2,PD,AT4G14550,SLR,NUE114,BHLH
AT1G16530,LBD3,PD,AT4G14550,SLR,NUE114,
AT1G26610,AT1G26610,PD,AT4G14550,SLR,NUE114,C2H2
AT1G43860,AT1G43860,PD,AT4G14550,SLR,NUE114,C2H2
AT2G26940,AT2G26940,PD,AT4G14550,SLR,NUE114,C2H2
AT3G22760,SOL1,PD,AT4G14550,SLR,NUE114,CPP
AT1G04880,HMGB15,PD,AT5G57390,PLT5,NUE117,ARID
AT1G12610,DDF1,PD,AT5G57390,PLT5,NUE117,AP2/EREBP
AT1G12630,ERF027,PD,AT5G57390,PLT5,NUE117,AP2/EREBP
AT1G16530,LBD3,PD,AT5G57390,PLT5,NUE117,
AT1G21910,DREB26,PD,AT5G57390,PLT5,NUE117,AP2/EREBP
AT1G24625,ZFP7,PD,AT5G57390,PLT5,NUE117,C2H2
AT1G43700,VIP1,PD,AT5G57390,PLT5,NUE117,BZIP
AT1G47870,E2Fc,PD,AT5G57390,PLT5,NUE117,E2F/DP
AT1G50640,ERF3,PD,AT5G57390,PLT5,NUE117,AP2/EREBP
AT1G54060,ASIL1,PD,AT5G57390,PLT5,NUE117,TRIHELIX
AT1G61730,AT1G61730,PD,AT5G57390,PLT5,NUE117,GEBP
AT1G68360,AT1G68360,PD,AT5G57390,PLT5,NUE117,C2H2
AT1G71130,ERF070,PD,AT5G57390,PLT5,NUE117,AP2/EREBP
AT2G22840,GRF1,PD,AT5G57390,PLT5,NUE117,GRF
AT2G23290,MYB70,PD,AT5G57390,PLT5,NUE117,MYB
AT2G27300,ANAC040,PD,AT5G57390,PLT5,NUE117,NAC
AT2G31230,ERF15,PD,AT5G57390,PLT5,NUE117,AP2/EREBP
AT2G35530,BZIP16,PD,AT5G57390,PLT5,NUE117,BZIP
AT2G40950,BZIP17,PD,AT5G57390,PLT5,NUE117,BZIP
AT2G44730,AT2G44730,PD,AT5G57390,PLT5,NUE117,TRIHELIX
AT3G15210,ERF4,PD,AT5G57390,PLT5,NUE117,AP2/EREBP
AT3G19290,ABF4,PD,AT5G57390,PLT5,NUE117,BZIP
AT3G61830,ARF18,PD,AT5G57390,PLT5,NUE117,ARF
AT4G01120,GBF2,PD,AT5G57390,PLT5,NUE117,BZIP
AT4G23980,ARF9,PD,AT5G57390,PLT5,NUE117,ARF
AT5G06960,OBF5,PD,AT5G57390,PLT5,NUE117,BZIP
AT5G10510,AIL6,PD,AT5G57390,PLT5,NUE117,AP2/EREBP
AT5G13330,Rap2.6L,PD,AT5G57390,PLT5,NUE117,AP2/EREBP
AT5G44210,ERF9,PD,AT5G57390,PLT5,NUE117,AP2/EREBP
AT5G52020,ERF025,PD,AT5G57390,PLT5,NUE117,AP2/EREBP
AT5G54680,ILR3,PD,AT5G57390,PLT5,NUE117,BHLH
AT5G61590,ERF107,PD,AT5G57390,PLT5,NUE117,AP2/EREBP
AT1G02340,HFR1,PD,AT5G66320,GATA5,NUE118,BHLH
AT1G16530,LBD3,PD,AT5G66320,GATA5,NUE118,
AT1G73730,EIL3,PD,AT5G66320,GATA5,NUE118,EIL
AT5G15210,HB30,PD,AT5G66320,GATA5,NUE118,ZF-HD
AT5G54930,AT5G54930,PD,AT5G66320,GATA5,NUE118,
AT5G13330,Rap2.6L,PD,AT5G56860,GNC,NUE119,AP2/EREBP
AT1G03840,MGP,PD,AT2G31955,CNX2,NUE120,C2H2
AT1G04880,HMGB15,PD,AT2G31955,CNX2,NUE120,ARID
AT1G12610,DDF1,PD,AT2G31955,CNX2,NUE120,AP2/EREBP
AT1G12630,ERF027,PD,AT2G31955,CNX2,NUE120,AP2/EREBP
AT1G16530,LBD3,PD,AT2G31955,CNX2,NUE120,
AT1G20700,WOX14,PD,AT2G31955,CNX2,NUE120,HB
AT1G20910,ARID6,PD,AT2G31955,CNX2,NUE120,ARID
AT1G21910,DREB26,PD,AT2G31955,CNX2,NUE120,AP2/EREBP
AT1G35560,TCP23,PD,AT2G31955,CNX2,NUE120,TCP
AT1G48000,MYB112,PD,AT2G31955,CNX2,NUE120,MYB
AT1G51600,ZML2,PD,AT2G31955,CNX2,NUE120,C2C2-GATA
AT1G54060,ASIL1,PD,AT2G31955,CNX2,NUE120,TRIHELIX
AT1G61730,AT1G61730,PD,AT2G31955,CNX2,NUE120,GEBP
AT1G64530,NLP6,PD,AT2G31955,CNX2,NUE120,NIN-LIKE
AT1G68360,AT1G68360,PD,AT2G31955,CNX2,NUE120,C2H2
AT1G69310,WRKY57,PD,AT2G31955,CNX2,NUE120,WRKY
AT1G71130,ERF070,PD,AT2G31955,CNX2,NUE120,AP2/EREBP
AT1G76350,NLP5,PD,AT2G31955,CNX2,NUE120,NIN-LIKE
AT1G78080,RAP2.4,PD,AT2G31955,CNX2,NUE120,AP2/EREBP
AT2G02540,HB21,PD,AT2G31955,CNX2,NUE120,ZF-HD
AT2G04880,ZAP1,PD,AT2G31955,CNX2,NUE120,WRKY
AT2G20880,ERF053,PD,AT2G31955,CNX2,NUE120,AP2/EREBP
AT2G22840,GRF1,PD,AT2G31955,CNX2,NUE120,GRF
AT2G23290,MYB70,PD,AT2G31955,CNX2,NUE120,MYB
AT2G44730,AT2G44730,PD,AT2G31955,CNX2,NUE120,TRIHELIX
AT2G47890,AT2G47890,PD,AT2G31955,CNX2,NUE120,C2C2-CO-LIKE
AT3G06490,MYB108,PD,AT2G31955,CNX2,NUE120,MYB
AT3G07650,COL9,PD,AT2G31955,CNX2,NUE120,C2C2-CO-LIKE
AT3G14180,ASIL2,PD,AT2G31955,CNX2,NUE120,TRIHELIX
AT3G19580,AZF2,PD,AT2G31955,CNX2,NUE120,C2H2
AT3G28920,HB34,PD,AT2G31955,CNX2,NUE120,ZF-HD
AT3G50260,DEAR1,PD,AT2G31955,CNX2,NUE120,AP2/EREBP
AT3G53340,NF-YB10,PD,AT2G31955,CNX2,NUE120,CCAAT-HAP3
AT3G60490,ERF035,PD,AT2G31955,CNX2,NUE120,AP2/EREBP
AT4G16750,ERF039,PD,AT2G31955,CNX2,NUE120,AP2/EREBP
AT4G23980,ARF9,PD,AT2G31955,CNX2,NUE120,ARF
AT4G24020,NLP7,PD,AT2G31955,CNX2,NUE120,NIN-LIKE
AT4G29080,PAP2,PD,AT2G31955,CNX2,NUE120,AUX/IAA
AT4G31550,WRKY11,PD,AT2G31955,CNX2,NUE120,WRKY
AT4G32800,AT4G32800,PD,AT2G31955,CNX2,NUE120,AP2/EREBP
AT4G32890,GATA9,PD,AT2G31955,CNX2,NUE120,C2C2-GATA
AT4G35550,HB4,PD,AT2G31955,CNX2,NUE120,HB
AT4G36900,RAP2.10,PD,AT2G31955,CNX2,NUE120,AP2/EREBP
AT4G37260,MYB73,PD,AT2G31955,CNX2,NUE120,MYB
AT5G05410,DREB2A,PD,AT2G31955,CNX2,NUE120,AP2/EREBP
AT5G15210,HB30,PD,AT2G31955,CNX2,NUE120,ZF-HD
AT5G39760,HB23,PD,AT2G31955,CNX2,NUE120,ZF-HD
AT5G44160,NUC,PD,AT2G31955,CNX2,NUE120,C2H2
AT5G51990,CBF4,PD,AT2G31955,CNX2,NUE120,AP2/EREBP
AT5G52020,ERF025,PD,AT2G31955,CNX2,NUE120,AP2/EREBP
AT5G60850,OBP4,PD,AT2G31955,CNX2,NUE120,C2C2-DOF
AT5G60890,MYB34,PD,AT2G31955,CNX2,NUE120,MYB
AT5G63790,ANAC102,PD,AT2G31955,CNX2,NUE120,NAC
AT5G66320,GATA5,PD,AT2G31955,CNX2,NUE120,C2C2-GATA
AT5G67190,DEAR2,PD,AT2G31955,CNX2,NUE120,AP2/EREBP
AT1G12610,DDF1,PD,AT1G78050,PGM1,NUE124,AP2/EREBP
AT1G14580,AT1G14580,PD,AT1G78050,PGM1,NUE124,C2H2
AT1G16530,LBD3,PD,AT1G78050,PGM1,NUE124,
AT1G21910,DREB26,PD,AT1G78050,PGM1,NUE124,AP2/EREBP
AT1G43700,VIP1,PD,AT1G78050,PGM1,NUE124,BZIP
AT1G47870,E2Fc,PD,AT1G78050,PGM1,NUE124,E2F/DP
AT1G54060,ASIL1,PD,AT1G78050,PGM1,NUE124,TRIHELIX
AT1G61730,AT1G61730,PD,AT1G78050,PGM1,NUE124,GEBP
AT1G71130,ERF070,PD,AT1G78050,PGM1,NUE124,AP2/EREBP
AT2G23290,MYB70,PD,AT1G78050,PGM1,NUE124,MYB
AT2G44730,AT2G44730,PD,AT1G78050,PGM1,NUE124,TRIHELIX
AT3G19290,ABF4,PD,AT1G78050,PGM1,NUE124,BZIP
AT3G46600,SCL30,PD,AT1G78050,PGM1,NUE124,GRAS
AT3G61830,ARF18,PD,AT1G78050,PGM1,NUE124,ARF
AT4G18880,HSFA4A,PD,AT1G78050,PGM1,NUE124,HSF
AT4G37260,MYB73,PD,AT1G78050,PGM1,NUE124,MYB
AT5G05410,DREB2A,PD,AT1G78050,PGM1,NUE124,AP2/EREBP
AT5G13330,Rap2.6L,PD,AT1G78050,PGM1,NUE124,AP2/EREBP
AT5G54680,ILR3,PD,AT1G78050,PGM1,NUE124,BHLH
AT5G62610,BHLH79,PD,AT1G78050,PGM1,NUE124,BHLH
AT1G22810,ERF019,PD,AT3G08590,PGM2,NUE125,AP2/EREBP
AT2G31230,ERF15,PD,AT3G08590,PGM2,NUE125,AP2/EREBP
AT2G40620,AT2G40620,PD,AT3G08590,PGM2,NUE125,BZIP
AT3G24050,GATA1,PD,AT3G08590,PGM2,NUE125,C2C2-GATA
AT3G54810,GATA8,PD,AT3G08590,PGM2,NUE125,C2C2-GATA
AT3G60530,GATA4,PD,AT3G08590,PGM2,NUE125,C2C2-GATA
AT4G32890,GATA9,PD,AT3G08590,PGM2,NUE125,C2C2-GATA
AT5G25830,GATA12,PD,AT3G08590,PGM2,NUE125,C2C2-GATA
AT5G60450,ARF4,PD,AT3G08590,PGM2,NUE125,ARF
AT5G66320,GATA5,PD,AT3G08590,PGM2,NUE125,C2C2-GATA
AT1G19220,ARF19,PD,AT4G04955,ALN,NUE126,ARF
AT1G63910,MYB103,PD,AT4G04955,ALN,NUE126,MYB
AT1G66230,MYB20,PD,AT4G04955,ALN,NUE126,MYB
AT2G02540,HB21,PD,AT4G04955,ALN,NUE126,ZF-HD
AT2G31230,ERF15,PD,AT4G04955,ALN,NUE126,AP2/EREBP
AT2G35530,BZIP16,PD,AT4G04955,ALN,NUE126,BZIP
AT2G46310,CRF5,PD,AT4G04955,ALN,NUE126,AP2/EREBP
AT3G57230,AGL16,PD,AT4G04955,ALN,NUE126,MADS
AT3G62100,IAA30,PD,AT4G04955,ALN,NUE126,AUX/IAA
AT4G23750,CRF2,PD,AT4G04955,ALN,NUE126,AP2/EREBP
AT4G39070,BBX20,PD,AT4G04955,ALN,NUE126,C2C2-CO-LIKE
AT5G60450,ARF4,PD,AT4G04955,ALN,NUE126,ARF
AT2G31230,ERF15,PD,AT4G05390,RFNR1,NUE129,AP2/EREBP
AT3G23240,ERF1,PD,AT4G05390,RFNR1,NUE129,AP2/EREBP
AT4G32800,AT4G32800,PD,AT4G05390,RFNR1,NUE129,AP2/EREBP
AT4G36900,RAP2.10,PD,AT4G05390,RFNR1,NUE129,AP2/EREBP
AT5G24800,BZIP9,PD,AT4G05390,RFNR1,NUE129,BZIP
AT5G41920,AT5G41920,PD,AT4G05390,RFNR1,NUE129,GRAS
AT1G16530,LBD3,PD,AT1G30510,RFNR2,NUE130,
AT1G03840,MGP,PD,AT2G25930,ELF3,NUE131,C2H2
AT1G14580,AT1G14580,PD,AT2G25930,ELF3,NUE131,C2H2
AT1G16530,LBD3,PD,AT2G25930,ELF3,NUE131,
AT1G20700,WOX14,PD,AT2G25930,ELF3,NUE131,HB
AT1G51600,ZML2,PD,AT2G25930,ELF3,NUE131,C2C2-GATA
AT1G54060,ASIL1,PD,AT2G25930,ELF3,NUE131,TRIHELIX
AT1G54830,NF-YC3,PD,AT2G25930,ELF3,NUE131,CCAAT-HAP5
AT1G61730,AT1G61730,PD,AT2G25930,ELF3,NUE131,GEBP
AT1G66230,MYB20,PD,AT2G25930,ELF3,NUE131,MYB
AT2G27300,ANAC040,PD,AT2G25930,ELF3,NUE131,NAC
AT2G37630,PHAN,PD,AT2G25930,ELF3,NUE131,MYB
AT2G44730,AT2G44730,PD,AT2G25930,ELF3,NUE131,TRIHELIX
AT3G03200,ANAC045,PD,AT2G25930,ELF3,NUE131,NAC
AT3G08500,MYB83,PD,AT2G25930,ELF3,NUE131,MYB
AT3G19860,bHLH121,PD,AT2G25930,ELF3,NUE131,BHLH
AT3G24050,GATA1,PD,AT2G25930,ELF3,NUE131,C2C2-GATA
AT4G22680,MYB85,PD,AT2G25930,ELF3,NUE131,MYB
AT4G23980,ARF9,PD,AT2G25930,ELF3,NUE131,ARF
AT4G28500,ANAC073,PD,AT2G25930,ELF3,NUE131,NAC
AT4G29080,PAP2,PD,AT2G25930,ELF3,NUE131,AUX/IAA
AT5G10280,MYB92,PD,AT2G25930,ELF3,NUE131,MYB
AT5G12840,HAP2A,PD,AT2G25930,ELF3,NUE131,CCAAT-HAP2
AT5G14340,MYB40,PD,AT2G25930,ELF3,NUE131,MYB
AT5G22290,ANAC089,PD,AT2G25930,ELF3,NUE131,NAC
AT5G23090,NF-YB13,PD,AT2G25930,ELF3,NUE131,CCAAT-DR1
AT5G44160,NUC,PD,AT2G25930,ELF3,NUE131,C2H2
AT5G54680,ILR3,PD,AT2G25930,ELF3,NUE131,BHLH
AT5G54930,AT5G54930,PD,AT2G25930,ELF3,NUE131,
AT5G60890,MYB34,PD,AT2G25930,ELF3,NUE131,MYB
AT5G63790,ANAC102,PD,AT2G25930,ELF3,NUE131,NAC
AT5G66320,GATA5,PD,AT2G25930,ELF3,NUE131,C2C2-GATA
AT1G04880,HMGB15,PD,AT1G64530,NLP6,NUE132,ARID
AT1G12610,DDF1,PD,AT1G64530,NLP6,NUE132,AP2/EREBP
AT1G12630,ERF027,PD,AT1G64530,NLP6,NUE132,AP2/EREBP
AT1G16530,LBD3,PD,AT1G64530,NLP6,NUE132,
AT1G17520,AT1G17520,PD,AT1G64530,NLP6,NUE132,MYB
AT1G24625,ZFP7,PD,AT1G64530,NLP6,NUE132,C2H2
AT1G47870,E2Fc,PD,AT1G64530,NLP6,NUE132,E2F/DP
AT1G50640,ERF3,PD,AT1G64530,NLP6,NUE132,AP2/EREBP
AT1G61730,AT1G61730,PD,AT1G64530,NLP6,NUE132,GEBP
AT1G68130,IDD14,PD,AT1G64530,NLP6,NUE132,C2H2
AT1G68360,AT1G68360,PD,AT1G64530,NLP6,NUE132,C2H2
AT1G71130,ERF070,PD,AT1G64530,NLP6,NUE132,AP2/EREBP
AT2G02540,HB21,PD,AT1G64530,NLP6,NUE132,ZF-HD
AT2G22840,GRF1,PD,AT1G64530,NLP6,NUE132,GRF
AT2G23290,MYB70,PD,AT1G64530,NLP6,NUE132,MYB
AT2G38340,DREB19,PD,AT1G64530,NLP6,NUE132,AP2/EREBP
AT2G40950,BZIP17,PD,AT1G64530,NLP6,NUE132,BZIP
AT2G44730,AT2G44730,PD,AT1G64530,NLP6,NUE132,TRIHELIX
AT3G14180,ASIL2,PD,AT1G64530,NLP6,NUE132,TRIHELIX
AT3G15210,ERF4,PD,AT1G64530,NLP6,NUE132,AP2/EREBP
AT3G19290,ABF4,PD,AT1G64530,NLP6,NUE132,BZIP
AT3G28920,HB34,PD,AT1G64530,NLP6,NUE132,ZF-HD
AT3G61830,ARF18,PD,AT1G64530,NLP6,NUE132,ARF
AT4G01120,GBF2,PD,AT1G64530,NLP6,NUE132,BZIP
AT4G23980,ARF9,PD,AT1G64530,NLP6,NUE132,ARF
AT4G37260,MYB73,PD,AT1G64530,NLP6,NUE132,MYB
AT4G37740,GRF2,PD,AT1G64530,NLP6,NUE132,GRF
AT5G05410,DREB2A,PD,AT1G64530,NLP6,NUE132,AP2/EREBP
AT5G06960,OBF5,PD,AT1G64530,NLP6,NUE132,BZIP
AT5G13330,Rap2.6L,PD,AT1G64530,NLP6,NUE132,AP2/EREBP
AT5G15210,HB30,PD,AT1G64530,NLP6,NUE132,ZF-HD
AT5G39760,HB23,PD,AT1G64530,NLP6,NUE132,ZF-HD
AT5G44160,NUC,PD,AT1G64530,NLP6,NUE132,C2H2
AT5G44210,ERF9,PD,AT1G64530,NLP6,NUE132,AP2/EREBP
AT5G52020,ERF025,PD,AT1G64530,NLP6,NUE132,AP2/EREBP
AT5G54680,ILR3,PD,AT1G64530,NLP6,NUE132,BHLH
AT5G61590,ERF107,PD,AT1G64530,NLP6,NUE132,AP2/EREBP
AT5G63790,ANAC102,PD,AT1G64530,NLP6,NUE132,NAC
AT5G65210,TGA1,PD,AT1G64530,NLP6,NUE132,BZIP
AT1G16530,LBD3,PD,AT5G05410,DREB2A,NUE133,
AT1G26610,AT1G26610,PD,AT5G05410,DREB2A,NUE133,C2H2
AT2G26940,AT2G26940,PD,AT5G05410,DREB2A,NUE133,C2H2
AT1G04880,HMGB15,PD,AT1G21910,DREB26,NUE134,ARID
AT1G12610,DDF1,PD,AT1G21910,DREB26,NUE134,AP2/EREBP
AT1G12630,ERF027,PD,AT1G21910,DREB26,NUE134,AP2/EREBP
AT1G21910,DREB26,PD,AT1G21910,DREB26,NUE134,AP2/EREBP
AT1G43700,VIP1,PD,AT1G21910,DREB26,NUE134,BZIP
AT1G50640,ERF3,PD,AT1G21910,DREB26,NUE134,AP2/EREBP
AT1G61730,AT1G61730,PD,AT1G21910,DREB26,NUE134,GEBP
AT1G68360,AT1G68360,PD,AT1G21910,DREB26,NUE134,C2H2
AT1G68920,BHLH49,PD,AT1G21910,DREB26,NUE134,BHLH
AT1G71130,ERF070,PD,AT1G21910,DREB26,NUE134,AP2/EREBP
AT1G76880,AT1G76880,PD,AT1G21910,DREB26,NUE134,TRIHELIX
AT2G22430,HB6,PD,AT1G21910,DREB26,NUE134,HB
AT2G23290,MYB70,PD,AT1G21910,DREB26,NUE134,MYB
AT2G31230,ERF15,PD,AT1G21910,DREB26,NUE134,AP2/EREBP
AT2G35530,BZIP16,PD,AT1G21910,DREB26,NUE134,BZIP
AT2G44730,AT2G44730,PD,AT1G21910,DREB26,NUE134,TRIHELIX
AT2G46270,GBF3,PD,AT1G21910,DREB26,NUE134,BZIP
AT2G47890,AT2G47890,PD,AT1G21910,DREB26,NUE134,C2C2-CO-LIKE
AT3G19290,ABF4,PD,AT1G21910,DREB26,NUE134,BZIP
AT3G25730,EDF3,PD,AT1G21910,DREB26,NUE134,AP2/EREBP
AT3G54390,AT3G54390,PD,AT1G21910,DREB26,NUE134,TRIHELIX
AT3G61830,ARF18,PD,AT1G21910,DREB26,NUE134,ARF
AT3G62100,IAA30,PD,AT1G21910,DREB26,NUE134,AUX/IAA
AT4G01120,GBF2,PD,AT1G21910,DREB26,NUE134,BZIP
AT4G18880,HSFA4A,PD,AT1G21910,DREB26,NUE134,HSF
AT4G23980,ARF9,PD,AT1G21910,DREB26,NUE134,ARF
AT4G36730,GBF1,PD,AT1G21910,DREB26,NUE134,BZIP
AT5G05410,DREB2A,PD,AT1G21910,DREB26,NUE134,AP2/EREBP
AT5G13330,Rap2.6L,PD,AT1G21910,DREB26,NUE134,AP2/EREBP
AT5G13330,Rap2.6L,PD,AT1G21910,DREB26,NUE134,AP2/EREBP
AT5G22570,WRKY38,PD,AT1G21910,DREB26,NUE134,WRKY
AT5G23090,NF-YB13,PD,AT1G21910,DREB26,NUE134,CCAAT-DR1
AT5G44210,ERF9,PD,AT1G21910,DREB26,NUE134,AP2/EREBP
AT5G47220,ERF2,PD,AT1G21910,DREB26,NUE134,AP2/EREBP
AT5G52020,ERF025,PD,AT1G21910,DREB26,NUE134,AP2/EREBP
AT5G54680,ILR3,PD,AT1G21910,DREB26,NUE134,BHLH
AT5G61590,ERF107,PD,AT1G21910,DREB26,NUE134,AP2/EREBP
AT2G31230,ERF15,PD,AT4G23980,ARF9,NUE135,AP2/EREBP
AT5G23090,NF-YB13,PD,AT4G23980,ARF9,NUE135,CCAAT-DR1
AT1G16530,LBD3,PD,AT3G61830,ARF18,NUE136,
AT1G18570,MYB51,PD,AT3G61830,ARF18,NUE136,MYB
AT1G24625,ZFP7,PD,AT3G61830,ARF18,NUE136,C2H2
AT3G22830,HSFA6B,PD,AT3G61830,ARF18,NUE136,HSF
AT3G24050,GATA1,PD,AT3G61830,ARF18,NUE136,C2C2-GATA
AT3G56400,WRKY70,PD,AT3G61830,ARF18,NUE136,WRKY
AT3G60530,GATA4,PD,AT3G61830,ARF18,NUE136,C2C2-GATA
AT4G32890,GATA9,PD,AT3G61830,ARF18,NUE136,C2C2-GATA
AT5G23090,NF-YB13,PD,AT3G61830,ARF18,NUE136,CCAAT-DR1
AT5G25830,GATA12,PD,AT3G61830,ARF18,NUE136,C2C2-GATA
AT5G66320,GATA5,PD,AT3G61830,ARF18,NUE136,C2C2-GATA
AT1G16530,LBD3,PD,AT1G51600,ZML2,NUE139,
AT1G26610,AT1G26610,PD,AT1G51600,ZML2,NUE139,C2H2
AT2G26940,AT2G26940,PD,AT1G51600,ZML2,NUE139,C2H2
